Data Set,Label,Scaled,Imputer,Split,MSE,MAE,R2,Model,Best Params,feature importance
Train,Pedestrian Total,NA,KNN,0.5,7004.919076933099,43.13098495212039,0.9998505841790807,KNN,"{'p': 1, 'n_neighbors': 7, 'leaf_size': 20}",Not Available
Test,Pedestrian Total,NA,KNN,0.5,3217.9953655880954,39.527327209953754,0.9997484015943261,KNN,"{'p': 1, 'n_neighbors': 7, 'leaf_size': 20}",Not Available
Validation Data,Pedestrian Total,NA,KNN,0.5,53998869.01376153,6032.501777560338,-2.066686780004673,KNN,NA,NA
Train,Pedestrian Total,NA,Pandas,0.5,7005.60399741292,43.13648947951273,0.9998505695696391,KNN,"{'p': 1, 'n_neighbors': 7, 'leaf_size': 30}",Not Available
Test,Pedestrian Total,NA,Pandas,0.5,3215.6883078812916,39.520780405185334,0.9997485819712301,KNN,"{'p': 1, 'n_neighbors': 7, 'leaf_size': 30}",Not Available
Validation Data,Pedestrian Total,NA,Pandas,0.5,53998869.01376153,6032.501777560338,-2.066686780004673,KNN,NA,NA
Train,Pedestrian Total,NA,KNN,0.3,3594.961176710098,31.982451140065148,0.999911414809932,KNN,"{'p': 2, 'n_neighbors': 2, 'leaf_size': 40}",Not Available
Test,Pedestrian Total,NA,KNN,0.3,3101.598356762918,39.73831686930091,0.9997438529110012,KNN,"{'p': 2, 'n_neighbors': 2, 'leaf_size': 40}",Not Available
Validation Data,Pedestrian Total,NA,KNN,0.3,54599389.43390411,6082.058561643836,-2.1007913467707806,KNN,NA,NA
Train,Pedestrian Total,NA,Pandas,0.3,3599.0691571661237,31.990024429967427,0.9999113135831839,KNN,"{'p': 2, 'n_neighbors': 2, 'leaf_size': 20}",Not Available
Test,Pedestrian Total,NA,Pandas,0.3,3101.948280775076,39.73071808510638,0.9997438240123474,KNN,"{'p': 2, 'n_neighbors': 2, 'leaf_size': 20}",Not Available
Validation Data,Pedestrian Total,NA,Pandas,0.3,54599389.43390411,6082.058561643836,-2.1007913467707806,KNN,NA,NA
Train,Pedestrian Total,NA,KNN,0.1,2864.1712109696623,28.315314459433782,0.9999198545288319,KNN,"{'p': 2, 'n_neighbors': 2, 'leaf_size': 40}",Not Available
Test,Pedestrian Total,NA,KNN,0.1,2221.7136752136753,33.61880341880342,0.9998177639463851,KNN,"{'p': 2, 'n_neighbors': 2, 'leaf_size': 40}",Not Available
Validation Data,Pedestrian Total,NA,KNN,0.1,55191699.30479452,6130.547488584475,-2.1344296226069464,KNN,NA,NA
Train,Pedestrian Total,NA,Pandas,0.1,2874.8618500221673,28.339951865222623,0.9999195553825028,KNN,"{'p': 2, 'n_neighbors': 2, 'leaf_size': 50}",Not Available
Test,Pedestrian Total,NA,Pandas,0.1,2222.4985754985755,33.635327635327634,0.9998176995649429,KNN,"{'p': 2, 'n_neighbors': 2, 'leaf_size': 50}",Not Available
Validation Data,Pedestrian Total,NA,Pandas,0.1,55191699.30479452,6130.547488584475,-2.1344296226069464,KNN,NA,NA
Train,Pedestrian Total,Standard,KNN,0.5,504034.7157273141,486.7249202006384,0.9892488749698451,KNN,"{'p': 1, 'n_neighbors': 5, 'leaf_size': 50}",Not Available
Test,Pedestrian Total,Standard,KNN,0.5,2717946.4044003645,1105.6081395348838,0.7874978350290041,KNN,"{'p': 1, 'n_neighbors': 5, 'leaf_size': 50}",Not Available
Validation Data,Pedestrian Total,Standard,KNN,0.5,2545706.016680365,1184.330296803653,0.8554250648260344,KNN,NA,NA
Train,Pedestrian Total,Standard,Pandas,0.5,503819.41724122205,486.78150934792524,0.9892534673141233,KNN,"{'p': 1, 'n_neighbors': 5, 'leaf_size': 50}",Not Available
Test,Pedestrian Total,Standard,Pandas,0.5,2720568.6475193794,1106.7024851801184,0.7872928154086876,KNN,"{'p': 1, 'n_neighbors': 5, 'leaf_size': 50}",Not Available
Validation Data,Pedestrian Total,Standard,Pandas,0.5,2544136.0055251145,1183.3085388127852,0.8555142284056094,KNN,NA,NA
Train,Pedestrian Total,Standard,KNN,0.3,570991.6691052315,543.8477896696139,0.9859299160551063,KNN,"{'p': 2, 'n_neighbors': 7, 'leaf_size': 20}",Not Available
Test,Pedestrian Total,Standard,KNN,0.3,1416425.4745285653,913.3198002605299,0.8830237766624138,KNN,"{'p': 2, 'n_neighbors': 7, 'leaf_size': 20}",Not Available
Validation Data,Pedestrian Total,Standard,KNN,0.3,2323453.3261159263,1120.824266144814,0.8680471697038372,KNN,NA,NA
Train,Pedestrian Total,Standard,Pandas,0.3,512520.0612052117,514.1295439739414,0.9873707434367657,KNN,"{'p': 2, 'n_neighbors': 5, 'leaf_size': 50}",Not Available
Test,Pedestrian Total,Standard,Pandas,0.3,1438324.700843465,920.6254179331305,0.8812152178399423,KNN,"{'p': 2, 'n_neighbors': 5, 'leaf_size': 50}",Not Available
Validation Data,Pedestrian Total,Standard,Pandas,0.3,2438324.438799087,1150.2926712328767,0.8615234456128734,KNN,NA,NA
Train,Pedestrian Total,Standard,KNN,0.1,519010.76340671175,517.8779077658044,0.9854769987160001,KNN,"{'p': 2, 'n_neighbors': 7, 'leaf_size': 40}",Not Available
Test,Pedestrian Total,Standard,KNN,0.1,842213.5819873249,706.3836385836386,0.9309174349536783,KNN,"{'p': 2, 'n_neighbors': 7, 'leaf_size': 40}",Not Available
Validation Data,Pedestrian Total,Standard,KNN,0.1,1691730.241748206,980.5739073711677,0.9039237883596937,KNN,NA,NA
Train,Pedestrian Total,Standard,Pandas,0.1,464357.86010513647,489.54309962632215,0.9870063006896495,KNN,"{'p': 2, 'n_neighbors': 5, 'leaf_size': 40}",Not Available
Test,Pedestrian Total,Standard,Pandas,0.1,893359.4978689458,727.2814814814815,0.9267221914473833,KNN,"{'p': 2, 'n_neighbors': 5, 'leaf_size': 40}",Not Available
Validation Data,Pedestrian Total,Standard,Pandas,0.1,1810554.8297031962,1015.0241780821916,0.8971755397449273,KNN,NA,NA
Train,Cycle Total,NA,KNN,0.5,6129.021494528043,41.99257865937073,0.8375413227496049,KNN,"{'p': 1, 'n_neighbors': 10, 'leaf_size': 20}",Not Available
Test,Cycle Total,NA,KNN,0.5,5389.1990709074325,47.81601687186503,0.6459200551152823,KNN,"{'p': 1, 'n_neighbors': 10, 'leaf_size': 20}",Not Available
Validation Data,Cycle Total,NA,KNN,0.5,17556.204999999998,95.56353881278538,-0.9447578101285428,KNN,NA,NA
Train,Cycle Total,NA,Pandas,0.5,6136.533050615595,42.01181030551756,0.8373422179712704,KNN,"{'p': 1, 'n_neighbors': 10, 'leaf_size': 20}",Not Available
Test,Cycle Total,NA,Pandas,0.5,5292.072036023712,47.247583219334246,0.6523014737093913,KNN,"{'p': 1, 'n_neighbors': 10, 'leaf_size': 20}",Not Available
Validation Data,Cycle Total,NA,Pandas,0.5,17556.204999999998,95.56353881278538,-0.9447578101285428,KNN,NA,NA
Train,Cycle Total,NA,KNN,0.3,3427.878478827362,30.441742671009774,0.8941943428471664,KNN,"{'p': 1, 'n_neighbors': 5, 'leaf_size': 50}",Not Available
Test,Cycle Total,NA,KNN,0.3,2826.6920440729477,33.046922492401215,0.7931895844894087,KNN,"{'p': 1, 'n_neighbors': 5, 'leaf_size': 50}",Not Available
Validation Data,Cycle Total,NA,KNN,0.3,19218.60682191781,101.49908675799087,-1.1289074556098173,KNN,NA,NA
Train,Cycle Total,NA,Pandas,0.3,3428.3972019543967,30.43750814332248,0.8941783318241167,KNN,"{'p': 1, 'n_neighbors': 5, 'leaf_size': 50}",Not Available
Test,Cycle Total,NA,Pandas,0.3,2775.99184650456,32.73248480243161,0.7968989835898779,KNN,"{'p': 1, 'n_neighbors': 5, 'leaf_size': 50}",Not Available
Validation Data,Cycle Total,NA,Pandas,0.3,18402.316324200914,98.4574200913242,-1.038484307738814,KNN,NA,NA
Train,Cycle Total,NA,KNN,0.1,2919.2188333650015,28.27150547849769,0.8978365988335826,KNN,"{'p': 1, 'n_neighbors': 5, 'leaf_size': 40}",Not Available
Test,Cycle Total,NA,KNN,0.1,1921.5738575498576,28.229857549857545,0.8119435129217393,KNN,"{'p': 1, 'n_neighbors': 5, 'leaf_size': 40}",Not Available
Validation Data,Cycle Total,NA,KNN,0.1,18621.89906392694,99.25280821917808,-1.0628082005192647,KNN,NA,NA
Train,Cycle Total,NA,Pandas,0.1,2911.490316042815,28.202837418455886,0.8981070724296638,KNN,"{'p': 1, 'n_neighbors': 5, 'leaf_size': 40}",Not Available
Test,Cycle Total,NA,Pandas,0.1,1803.612809116809,27.21868945868946,0.8234878729229068,KNN,"{'p': 1, 'n_neighbors': 5, 'leaf_size': 40}",Not Available
Validation Data,Cycle Total,NA,Pandas,0.1,18661.042059360727,99.39573059360733,-1.0671441971701174,KNN,NA,NA
Train,Cycle Total,Standard,KNN,0.5,1421.8643038610794,22.25949449547261,0.9623114074177982,KNN,"{'p': 2, 'n_neighbors': 7, 'leaf_size': 20}",Not Available
Test,Cycle Total,Standard,KNN,0.5,4019.083684636645,43.262719041104816,0.7359390679729346,KNN,"{'p': 2, 'n_neighbors': 7, 'leaf_size': 20}",Not Available
Validation Data,Cycle Total,Standard,KNN,0.5,3848.0110870375547,40.4272504892368,0.5737433223764754,KNN,NA,NA
Train,Cycle Total,Standard,Pandas,0.5,1422.4932112379836,22.26069962868868,0.962294737308115,KNN,"{'p': 2, 'n_neighbors': 7, 'leaf_size': 30}",Not Available
Test,Cycle Total,Standard,Pandas,0.5,4058.395286021385,43.34484724122207,0.7333562259831518,KNN,"{'p': 2, 'n_neighbors': 7, 'leaf_size': 30}",Not Available
Validation Data,Cycle Total,Standard,Pandas,0.5,3741.4359123101294,39.255234833659486,0.5855490003927082,KNN,NA,NA
Train,Cycle Total,Standard,KNN,0.3,1259.0260902080704,21.130723592368547,0.9611386215497937,KNN,"{'p': 2, 'n_neighbors': 7, 'leaf_size': 50}",Not Available
Test,Cycle Total,Standard,KNN,0.3,2382.793363470008,33.195261615284416,0.8256667235440824,KNN,"{'p': 2, 'n_neighbors': 7, 'leaf_size': 50}",Not Available
Validation Data,Cycle Total,Standard,KNN,0.3,4071.5675566116865,39.74849967384214,0.5489792466431915,KNN,NA,NA
Train,Cycle Total,Standard,Pandas,0.3,1260.1668915774778,21.14632387156817,0.9611034093217884,KNN,"{'p': 2, 'n_neighbors': 7, 'leaf_size': 20}",Not Available
Test,Cycle Total,Standard,Pandas,0.3,2283.322843651138,32.52309487624837,0.8329443254950731,KNN,"{'p': 2, 'n_neighbors': 7, 'leaf_size': 20}",Not Available
Validation Data,Cycle Total,Standard,Pandas,0.3,4119.330502749045,40.046950424005225,0.5436883900750793,KNN,NA,NA
Train,Cycle Total,Standard,KNN,0.1,1154.558297497224,20.59731458610425,0.9595941211501232,KNN,"{'p': 2, 'n_neighbors': 7, 'leaf_size': 40}",Not Available
Test,Cycle Total,Standard,KNN,0.1,1631.713343799058,27.292551892551888,0.8403109627309179,KNN,"{'p': 2, 'n_neighbors': 7, 'leaf_size': 40}",Not Available
Validation Data,Cycle Total,Standard,KNN,0.1,4126.657671698817,40.512442922374426,0.5428767357886775,KNN,NA,NA
Train,Cycle Total,Standard,Pandas,0.1,1131.0105845842043,18.678890366711002,0.9604182164229368,KNN,"{'p': 1, 'n_neighbors': 5, 'leaf_size': 40}",Not Available
Test,Cycle Total,Standard,Pandas,0.1,1182.669378917379,22.285242165242163,0.8842570386246733,KNN,"{'p': 1, 'n_neighbors': 5, 'leaf_size': 40}",Not Available
Validation Data,Cycle Total,Standard,Pandas,0.1,4630.675383561644,42.04038812785388,0.48704505795235964,KNN,NA,NA
Train,Pedestrian Total,NA,KNN,0.5,3.2241423852895947e-15,2.1804987442017266e-09,1.0,Ridge,"{'normalize': False, 'alpha': 0.001}",Not Available
Test,Pedestrian Total,NA,KNN,0.5,1.6211178199559396e-14,5.517987194934504e-09,1.0,Ridge,"{'normalize': False, 'alpha': 0.001}",Not Available
Validation Data,Pedestrian Total,NA,KNN,0.5,55732734.807037905,6175.037328765168,-2.1651559406307577,Ridge,NA,NA
Train,Pedestrian Total,NA,Pandas,0.5,7.40614148262072e-18,1.8689486422392705e-09,1.0,Ridge,"{'normalize': False, 'alpha': 0.001}",Not Available
Test,Pedestrian Total,NA,Pandas,0.5,0.011608793916719477,0.00432142414130839,0.9999999990923685,Ridge,"{'normalize': False, 'alpha': 0.001}",Not Available
Validation Data,Pedestrian Total,NA,Pandas,0.5,55733661.064162165,6175.037328761916,-2.1652085443339413,Ridge,NA,NA
Train,Pedestrian Total,NA,KNN,0.3,2.1463684437884225e-15,1.53786161611143e-09,1.0,Ridge,"{'normalize': False, 'alpha': 0.001}",Not Available
Test,Pedestrian Total,NA,KNN,0.3,2.512855459357464e-14,7.339196911130082e-09,1.0,Ridge,"{'normalize': False, 'alpha': 0.001}",Not Available
Validation Data,Pedestrian Total,NA,KNN,0.3,55732669.486137345,6175.037328768499,-2.1651522309467244,Ridge,NA,NA
Train,Pedestrian Total,NA,Pandas,0.3,2.3548553802427362e-12,7.444690613502789e-08,1.0,Ridge,"{'normalize': False, 'alpha': 0.001}",Not Available
Test,Pedestrian Total,NA,Pandas,0.3,2.3675492038193165e-08,7.988353859502803e-06,0.999999999999998,Ridge,"{'normalize': False, 'alpha': 0.001}",Not Available
Validation Data,Pedestrian Total,NA,Pandas,0.3,55732582.27330514,6175.037330659162,-2.1651472779829963,Ridge,NA,NA
Train,Pedestrian Total,NA,KNN,0.1,3.5997861765623246e-16,1.6711760207733629e-09,1.0,Ridge,"{'normalize': False, 'alpha': 0.001}",Not Available
Test,Pedestrian Total,NA,KNN,0.1,2.036118230674442e-18,1.1476666267534947e-09,1.0,Ridge,"{'normalize': False, 'alpha': 0.001}",Not Available
Validation Data,Pedestrian Total,NA,KNN,0.1,55732911.99049224,6175.03732872209,-2.165166003177751,Ridge,NA,NA
Train,Pedestrian Total,NA,Pandas,0.1,6.201730524374338e-16,2.7623852369502995e-09,1.0,Ridge,"{'normalize': False, 'alpha': 0.001}",Not Available
Test,Pedestrian Total,NA,Pandas,0.1,7.397373139592729e-18,2.1898368803629074e-09,1.0,Ridge,"{'normalize': False, 'alpha': 0.001}",Not Available
Validation Data,Pedestrian Total,NA,Pandas,0.1,55732911.989877276,6175.037328663306,-2.1651660031428266,Ridge,NA,NA
Train,Pedestrian Total,Standard,KNN,0.5,4.671920989871001e-06,0.0006265729015633093,0.9999999999999003,Ridge,"{'normalize': False, 'alpha': 0.001}",Not Available
Test,Pedestrian Total,Standard,KNN,0.5,2.07376493360885e-05,0.0005831475372038486,0.9999999999983786,Ridge,"{'normalize': False, 'alpha': 0.001}",Not Available
Validation Data,Pedestrian Total,Standard,KNN,0.5,2665685.7865978177,1331.1282949783567,0.8486112114806971,Ridge,NA,NA
Train,Pedestrian Total,Standard,Pandas,0.5,5.992980806232653e-07,0.0005936097227813093,0.9999999999999872,Ridge,"{'normalize': False, 'alpha': 0.001}",Not Available
Test,Pedestrian Total,Standard,Pandas,0.5,0.2201939832740018,0.019255563542279037,0.9999999827841719,Ridge,"{'normalize': False, 'alpha': 0.001}",Not Available
Validation Data,Pedestrian Total,Standard,Pandas,0.5,2669646.844456061,1331.9889263514267,0.8483862563290324,Ridge,NA,NA
Train,Pedestrian Total,Standard,KNN,0.3,3.267774533065257e-06,0.0004810715741055347,0.9999999999999195,Ridge,"{'normalize': False, 'alpha': 0.001}",Not Available
Test,Pedestrian Total,Standard,KNN,0.3,3.4190696915018455e-05,0.00059020486064847,0.9999999999971764,Ridge,"{'normalize': False, 'alpha': 0.001}",Not Available
Validation Data,Pedestrian Total,Standard,KNN,0.3,2665685.8264454333,1331.1283019188618,0.8486112092176838,Ridge,NA,NA
Train,Pedestrian Total,Standard,Pandas,0.3,3.049498277772058e-05,0.0006120897884604083,0.9999999999992486,Ridge,"{'normalize': False, 'alpha': 0.001}",Not Available
Test,Pedestrian Total,Standard,Pandas,0.3,0.3029379849971491,0.028817852485970345,0.9999999749817113,Ridge,"{'normalize': False, 'alpha': 0.001}",Not Available
Validation Data,Pedestrian Total,Standard,Pandas,0.3,2669281.241407723,1331.9096044873866,0.8484070195423282,Ridge,NA,NA
Train,Pedestrian Total,Standard,KNN,0.1,6.301853158962432e-07,0.0003948276344805836,0.9999999999999823,Ridge,"{'normalize': False, 'alpha': 0.001}",Not Available
Test,Pedestrian Total,Standard,KNN,0.1,1.7448804714913654e-07,0.00032207166308518593,0.9999999999999857,Ridge,"{'normalize': False, 'alpha': 0.001}",Not Available
Validation Data,Pedestrian Total,Standard,KNN,0.1,2665659.415058533,1331.1225131716901,0.8486127091648591,Ridge,NA,NA
Train,Pedestrian Total,Standard,Pandas,0.1,8.789104900532854e-05,0.00409898251056607,0.9999999999975406,Ridge,"{'normalize': False, 'alpha': 0.01}",Not Available
Test,Pedestrian Total,Standard,Pandas,0.1,1.7179093114685988e-05,0.003208356743651948,0.9999999999985909,Ridge,"{'normalize': False, 'alpha': 0.01}",Not Available
Validation Data,Pedestrian Total,Standard,Pandas,0.1,2665738.659918898,1331.139539526901,0.8486082087156812,Ridge,NA,NA
Train,Cycle Total,NA,KNN,0.5,5.993780166654642e-11,1.1613666753230621e-06,0.9999999999999984,Ridge,"{'normalize': False, 'alpha': 1}",Not Available
Test,Cycle Total,NA,KNN,0.5,7.766255654354194e-09,1.4184293292364272e-05,0.9999999999994897,Ridge,"{'normalize': False, 'alpha': 1}",Not Available
Validation Data,Cycle Total,NA,KNN,0.5,20296.124242282887,106.75128631184678,-1.24826755756833,Ridge,NA,NA
Train,Cycle Total,NA,Pandas,0.5,0.08161924630998592,0.189446244380916,0.9999978365625238,Ridge,"{'normalize': True, 'alpha': 0.001}",Not Available
Test,Cycle Total,NA,Pandas,0.5,0.06258644726747001,0.18368099506730542,0.9999958879593225,Ridge,"{'normalize': True, 'alpha': 0.001}",Not Available
Validation Data,Cycle Total,NA,Pandas,0.5,20444.28939491444,107.72801644779513,-1.2646802924258407,Ridge,NA,NA
Train,Cycle Total,NA,KNN,0.3,7.528020371591323e-19,4.239646772896422e-10,1.0,Ridge,"{'normalize': False, 'alpha': 0.001}",Not Available
Test,Cycle Total,NA,KNN,0.3,4.603220877964365e-19,3.419888182536242e-10,1.0,Ridge,"{'normalize': False, 'alpha': 0.001}",Not Available
Validation Data,Cycle Total,NA,KNN,0.3,20289.990603629216,106.75125571184208,-1.2475881145066756,Ridge,NA,NA
Train,Cycle Total,NA,Pandas,0.3,6.152503641137288e-19,4.703714443635981e-10,1.0,Ridge,"{'normalize': False, 'alpha': 0.001}",Not Available
Test,Cycle Total,NA,Pandas,0.3,1.6129809800422368e-19,2.800870398766372e-10,1.0,Ridge,"{'normalize': False, 'alpha': 0.001}",Not Available
Validation Data,Cycle Total,NA,Pandas,0.3,20291.58985245862,106.75125570946811,-1.2477652684902,Ridge,NA,NA
Train,Cycle Total,NA,KNN,0.1,7.506390601390533e-19,3.844613969285552e-10,1.0,Ridge,"{'normalize': False, 'alpha': 0.001}",Not Available
Test,Cycle Total,NA,KNN,0.1,1.0147488056114326e-18,3.8082015659523436e-10,1.0,Ridge,"{'normalize': False, 'alpha': 0.001}",Not Available
Validation Data,Cycle Total,NA,KNN,0.1,20282.687997152047,106.75125571176348,-1.2467791810850866,Ridge,NA,NA
Train,Cycle Total,NA,Pandas,0.1,4.339384475591409e-19,3.884987301121488e-10,1.0,Ridge,"{'normalize': False, 'alpha': 0.001}",Not Available
Test,Cycle Total,NA,Pandas,0.1,8.111456462261374e-20,2.055559190444012e-10,1.0,Ridge,"{'normalize': False, 'alpha': 0.001}",Not Available
Validation Data,Cycle Total,NA,Pandas,0.1,20284.845592565314,106.75125570955174,-1.2470181849319344,Ridge,NA,NA
Train,Cycle Total,Standard,KNN,0.5,7.391986462806946e-08,4.1905970864161755e-05,0.9999999999980407,Ridge,"{'normalize': False, 'alpha': 0.001}",Not Available
Test,Cycle Total,Standard,KNN,0.5,9.561571897379643e-06,0.0004990708390552102,0.9999999993717877,Ridge,"{'normalize': False, 'alpha': 0.001}",Not Available
Validation Data,Cycle Total,Standard,KNN,0.5,6201.3720449284465,57.25556115293094,0.3130538907533028,Ridge,NA,NA
Train,Cycle Total,Standard,Pandas,0.5,1.546563203219288e-08,2.856399901977074e-05,0.9999999999995901,Ridge,"{'normalize': False, 'alpha': 0.001}",Not Available
Test,Cycle Total,Standard,Pandas,0.5,5.012464087392588e-07,0.00020178895596808434,0.9999999999670672,Ridge,"{'normalize': False, 'alpha': 0.001}",Not Available
Validation Data,Cycle Total,Standard,Pandas,0.5,6203.713869900363,57.27365761245274,0.3127944792002886,Ridge,NA,NA
Train,Cycle Total,Standard,KNN,0.3,1.0399289061367121e-09,1.599155849822642e-05,0.9999999999999679,Ridge,"{'normalize': False, 'alpha': 0.001}",Not Available
Test,Cycle Total,Standard,KNN,0.3,6.312320227908332e-10,1.2857318445129292e-05,0.9999999999999538,Ridge,"{'normalize': False, 'alpha': 0.001}",Not Available
Validation Data,Cycle Total,Standard,KNN,0.3,6203.937812168287,57.27453221766054,0.3127696723884199,Ridge,NA,NA
Train,Cycle Total,Standard,Pandas,0.3,7.964102166034301e-10,1.727696142507797e-05,0.9999999999999755,Ridge,"{'normalize': False, 'alpha': 0.001}",Not Available
Test,Cycle Total,Standard,Pandas,0.3,2.1989659450064292e-10,1.0440003576152488e-05,0.9999999999999839,Ridge,"{'normalize': False, 'alpha': 0.001}",Not Available
Validation Data,Cycle Total,Standard,Pandas,0.3,6203.9583785482955,57.27471650641126,0.31276739418375377,Ridge,NA,NA
Train,Cycle Total,Standard,KNN,0.1,7.467689038559625e-10,1.3093325811333475e-05,0.9999999999999739,Ridge,"{'normalize': False, 'alpha': 0.001}",Not Available
Test,Cycle Total,Standard,KNN,0.1,9.175402820608175e-10,1.2058691648141648e-05,0.9999999999999102,Ridge,"{'normalize': False, 'alpha': 0.001}",Not Available
Validation Data,Cycle Total,Standard,KNN,0.1,6203.9399986746275,57.27454742655194,0.31276943018201575,Ridge,NA,NA
Train,Cycle Total,Standard,Pandas,0.1,5.778515246028049e-10,1.4220359805212355e-05,0.9999999999999798,Ridge,"{'normalize': False, 'alpha': 0.001}",Not Available
Test,Cycle Total,Standard,Pandas,0.1,1.0837398657565181e-10,7.526090503667736e-06,0.9999999999999893,Ridge,"{'normalize': False, 'alpha': 0.001}",Not Available
Validation Data,Cycle Total,Standard,Pandas,0.1,6203.959056651475,57.2747195880564,0.31276731906806376,Ridge,NA,NA
Train,Pedestrian Total,NA,KNN,0.5,2.27998176003809e-10,2.2799817600920045e-07,1.0,RandomForest,"{'n_estimators': 2000, 'max_features': 'sqrt', 'max_depth': 100, 'bootstrap': False}","[0.03235362823768147 0.010886616689040637 0.01878878709510813
 0.0034489067525967443 0.014306159388188022 0.0032292625866646696
 0.0028124512906582974 0.002103073635943483 0.002174333380315726
 0.008246294322132948 0.0015535278999389511 0.0005706424808233268
 0.05700931405183422 0.02601411664666725 0.3353084366845746
 0.27701302476415934 0.011182354279891931 0.1555938892950987
 0.037405180518681455]"
Test,Pedestrian Total,NA,KNN,0.5,45386.56094317656,126.04086143410854,0.9964514596588814,RandomForest,"{'n_estimators': 2000, 'max_features': 'sqrt', 'max_depth': 100, 'bootstrap': False}","[0.03235362823768147 0.010886616689040637 0.01878878709510813
 0.0034489067525967443 0.014306159388188022 0.0032292625866646696
 0.0028124512906582974 0.002103073635943483 0.002174333380315726
 0.008246294322132948 0.0015535278999389511 0.0005706424808233268
 0.05700931405183422 0.02601411664666725 0.3353084366845746
 0.27701302476415934 0.011182354279891931 0.1555938892950987
 0.037405180518681455]"
Validation Data,Pedestrian Total,NA,KNN,0.5,53066454.32594525,5953.283598458904,-2.013733378408806,RandomForest,NA,NA
Train,Pedestrian Total,NA,Pandas,0.5,9.11992704015236e-10,4.559963520184009e-07,1.0,RandomForest,"{'n_estimators': 500, 'max_features': 'log2', 'max_depth': 100, 'bootstrap': False}","[0.034952051988259465 0.014682658986362996 0.01823113921877666
 0.003284869721618256 0.017592354357963354 0.0032628032175581463
 0.0033923098285109404 0.0018163323493711016 0.0022169000377118137
 0.008778113497383468 0.0014654877317191286 0.0005985308355555047
 0.059449460211769896 0.021540010276185333 0.3173765211243968
 0.2857021553963583 0.011688633230072692 0.15662193131287672
 0.03734773667754958]"
Test,Pedestrian Total,NA,Pandas,0.5,56156.62471058276,139.96487186502506,0.9956094041040904,RandomForest,"{'n_estimators': 500, 'max_features': 'log2', 'max_depth': 100, 'bootstrap': False}","[0.034952051988259465 0.014682658986362996 0.01823113921877666
 0.003284869721618256 0.017592354357963354 0.0032628032175581463
 0.0033923098285109404 0.0018163323493711016 0.0022169000377118137
 0.008778113497383468 0.0014654877317191286 0.0005985308355555047
 0.059449460211769896 0.021540010276185333 0.3173765211243968
 0.2857021553963583 0.011688633230072692 0.15662193131287672
 0.03734773667754958]"
Validation Data,Pedestrian Total,NA,Pandas,0.5,52690527.33213678,5919.016037442922,-1.9923838508498943,RandomForest,NA,NA
Train,Pedestrian Total,NA,KNN,0.3,0.9440118864753136,0.6141818989247547,0.9999999767381431,RandomForest,"{'n_estimators': 500, 'max_features': 'sqrt', 'max_depth': 20, 'bootstrap': False}","[0.04253720140492455 0.009446722159526142 0.023116532218229475
 0.0024864257302623675 0.010999954504643418 0.002159934284793408
 0.0018724191869493902 0.001628237260487851 0.0016261523281472002
 0.003505332174168213 0.0013161276537912645 0.0004899525438367519
 0.03849110163821518 0.019072270103888605 0.3189065478246118
 0.3056569763272068 0.010007426776424112 0.16489017853502716
 0.041790507344866515]"
Test,Pedestrian Total,NA,KNN,0.3,3812.1636396072913,40.4509593015816,0.9996851705131506,RandomForest,"{'n_estimators': 500, 'max_features': 'sqrt', 'max_depth': 20, 'bootstrap': False}","[0.04253720140492455 0.009446722159526142 0.023116532218229475
 0.0024864257302623675 0.010999954504643418 0.002159934284793408
 0.0018724191869493902 0.001628237260487851 0.0016261523281472002
 0.003505332174168213 0.0013161276537912645 0.0004899525438367519
 0.03849110163821518 0.019072270103888605 0.3189065478246118
 0.3056569763272068 0.010007426776424112 0.16489017853502716
 0.041790507344866515]"
Validation Data,Pedestrian Total,NA,KNN,0.3,53695462.4261462,6005.0546418379,-2.0494558085380463,RandomForest,NA,NA
Train,Pedestrian Total,NA,Pandas,0.3,0.0,0.0,1.0,RandomForest,"{'n_estimators': 10, 'max_features': 'log2', 'max_depth': 100, 'bootstrap': False}","[0.0496403535545365 0.0015262518632682307 0.023456934806038277
 0.0005488562443925365 0.003926482587533524 0.0035387172573335558
 0.0006809744434481338 0.0029267751969045577 0.0014546750617364216
 0.0021272113395925897 0.0005773413641463093 0.0004598927759797291
 0.013413330232235867 0.0028773712137935737 0.534322059922983
 0.27605140734390504 0.02609409797408654 0.028437299473520635
 0.027939967344565105]"
Test,Pedestrian Total,NA,Pandas,0.3,14187.148953267479,78.12205547112463,0.9988283470367311,RandomForest,"{'n_estimators': 10, 'max_features': 'log2', 'max_depth': 100, 'bootstrap': False}","[0.0496403535545365 0.0015262518632682307 0.023456934806038277
 0.0005488562443925365 0.003926482587533524 0.0035387172573335558
 0.0006809744434481338 0.0029267751969045577 0.0014546750617364216
 0.0021272113395925897 0.0005773413641463093 0.0004598927759797291
 0.013413330232235867 0.0028773712137935737 0.534322059922983
 0.27605140734390504 0.02609409797408654 0.028437299473520635
 0.027939967344565105]"
Validation Data,Pedestrian Total,NA,Pandas,0.3,54480995.557539955,6072.362591324202,-2.0940675589931708,RandomForest,NA,NA
Train,Pedestrian Total,NA,KNN,0.1,5280.931639179175,28.40231933624675,0.9998522285424812,RandomForest,"{'n_estimators': 100, 'max_features': 'log2', 'max_depth': 100, 'bootstrap': True}","[0.028022606729184104 0.009650168261552221 0.01831812279671947
 0.005693788967037285 0.014539546123428454 0.001893570686187295
 0.0019187260116053058 0.001724015081361914 0.0015272847745205077
 0.0032833769617801357 0.0009387448600268684 0.00039969584190756107
 0.036549390179770026 0.021165528831111655 0.3606706317043383
 0.27046485910441886 0.011039001839402082 0.17526751480730365
 0.03693342643834432]"
Test,Pedestrian Total,NA,KNN,0.1,3071.7909036467227,37.04774358974359,0.9997480363657766,RandomForest,"{'n_estimators': 100, 'max_features': 'log2', 'max_depth': 100, 'bootstrap': True}","[0.028022606729184104 0.009650168261552221 0.01831812279671947
 0.005693788967037285 0.014539546123428454 0.001893570686187295
 0.0019187260116053058 0.001724015081361914 0.0015272847745205077
 0.0032833769617801357 0.0009387448600268684 0.00039969584190756107
 0.036549390179770026 0.021165528831111655 0.3606706317043383
 0.27046485910441886 0.011039001839402082 0.17526751480730365
 0.03693342643834432]"
Validation Data,Pedestrian Total,NA,KNN,0.1,53831416.9004279,6018.0388675799095,-2.0571768922677056,RandomForest,NA,NA
Train,Pedestrian Total,NA,Pandas,0.1,22044.674516435498,63.229032870986124,0.9993831441294087,RandomForest,"{'n_estimators': 10, 'max_features': 'log2', 'max_depth': 100, 'bootstrap': True}","[0.06480830773637593 0.01929883970860858 0.014199147599417797
 0.0005926459925967369 0.005897452865698471 0.00254384414931959
 0.0007514103413112484 0.004109682387287141 0.0005755736184877242
 0.004104217376958652 0.000650176359026745 0.0004037454246965209
 0.06678110352487422 0.02249234980624607 0.2600293367327108
 0.22066417870957983 0.0031092511955744533 0.2683230460980997
 0.04066569037312983]"
Test,Pedestrian Total,NA,Pandas,0.1,16505.909002849003,86.81356125356125,0.9986461028927516,RandomForest,"{'n_estimators': 10, 'max_features': 'log2', 'max_depth': 100, 'bootstrap': True}","[0.06480830773637593 0.01929883970860858 0.014199147599417797
 0.0005926459925967369 0.005897452865698471 0.00254384414931959
 0.0007514103413112484 0.004109682387287141 0.0005755736184877242
 0.004104217376958652 0.000650176359026745 0.0004037454246965209
 0.06678110352487422 0.02249234980624607 0.2600293367327108
 0.22066417870957983 0.0031092511955744533 0.2683230460980997
 0.04066569037312983]"
Validation Data,Pedestrian Total,NA,Pandas,0.1,54027320.89409361,6029.412214611873,-2.0683026102410142,RandomForest,NA,NA
Train,Pedestrian Total,Standard,KNN,0.5,2.279981761074906e-10,2.2799817606104122e-07,1.0,RandomForest,"{'n_estimators': 1000, 'max_features': 'log2', 'max_depth': 100, 'bootstrap': False}","[0.031195781168610673 0.011981725176271014 0.01721937655525679
 0.003214754953871596 0.016164729011864918 0.0033496819802204553
 0.003033707510575854 0.002409830383809383 0.002064633903508009
 0.008532973422413874 0.0015636781955562081 0.0005726024837837587
 0.05862999482443848 0.02406670903153548 0.32495460306665047
 0.28577682845773167 0.011850557331578327 0.155651091544756
 0.03776674099756692]"
Test,Pedestrian Total,Standard,KNN,0.5,48031.83984739455,129.9743858869129,0.9962446389897216,RandomForest,"{'n_estimators': 1000, 'max_features': 'log2', 'max_depth': 100, 'bootstrap': False}","[0.031195781168610673 0.011981725176271014 0.01721937655525679
 0.003214754953871596 0.016164729011864918 0.0033496819802204553
 0.003033707510575854 0.002409830383809383 0.002064633903508009
 0.008532973422413874 0.0015636781955562081 0.0005726024837837587
 0.05862999482443848 0.02406670903153548 0.32495460306665047
 0.28577682845773167 0.011850557331578327 0.155651091544756
 0.03776674099756692]"
Validation Data,Pedestrian Total,Standard,KNN,0.5,2065102.798200185,1117.238594063927,0.88271933160346,RandomForest,NA,NA
Train,Pedestrian Total,Standard,Pandas,0.5,0.9610329183638453,0.5701932892270347,0.9999999795010448,RandomForest,"{'n_estimators': 500, 'max_features': 'sqrt', 'max_depth': 20, 'bootstrap': False}","[0.032991644562678585 0.010679305709925547 0.0156631415869678
 0.0023401757666405 0.015079356109255962 0.0034364099297856036
 0.002611723880812008 0.0016715316474156664 0.001820805462464411
 0.007226174049821284 0.0014905013335239938 0.0005590956484923881
 0.06053929698628923 0.03023729383026136 0.31310793187037333
 0.2881785160294668 0.012092304071432674 0.1637883954312524
 0.036486396093140416]"
Test,Pedestrian Total,Standard,Pandas,0.5,49420.958795541985,131.29415014192756,0.9961360309673538,RandomForest,"{'n_estimators': 500, 'max_features': 'sqrt', 'max_depth': 20, 'bootstrap': False}","[0.032991644562678585 0.010679305709925547 0.0156631415869678
 0.0023401757666405 0.015079356109255962 0.0034364099297856036
 0.002611723880812008 0.0016715316474156664 0.001820805462464411
 0.007226174049821284 0.0014905013335239938 0.0005590956484923881
 0.06053929698628923 0.03023729383026136 0.31310793187037333
 0.2881785160294668 0.012092304071432674 0.1637883954312524
 0.036486396093140416]"
Validation Data,Pedestrian Total,Standard,Pandas,0.5,2066028.8552044155,1116.002243491978,0.88266673926543,RandomForest,NA,NA
Train,Pedestrian Total,Standard,KNN,0.3,2.7375101788510294,0.9494964077036534,0.9999999325436778,RandomForest,"{'n_estimators': 100, 'max_features': 'sqrt', 'max_depth': 20, 'bootstrap': False}","[0.02770285238548767 0.009190969211987789 0.022352103067093752
 0.0024733773544951317 0.007522704689113329 0.002244742442395434
 0.0013439860610358634 0.0010811941392157515 0.002074745025597177
 0.004819615467155851 0.0008666504203482875 0.0004852589739439637
 0.03429511145862532 0.02186006929631394 0.3623094802663857
 0.2936176166542911 0.008420386795522634 0.15885903230713683
 0.03848010398385445]"
Test,Pedestrian Total,Standard,KNN,0.3,4595.42503542053,45.75167792348138,0.9996204844695741,RandomForest,"{'n_estimators': 100, 'max_features': 'sqrt', 'max_depth': 20, 'bootstrap': False}","[0.02770285238548767 0.009190969211987789 0.022352103067093752
 0.0024733773544951317 0.007522704689113329 0.002244742442395434
 0.0013439860610358634 0.0010811941392157515 0.002074745025597177
 0.004819615467155851 0.0008666504203482875 0.0004852589739439637
 0.03429511145862532 0.02186006929631394 0.3623094802663857
 0.2936176166542911 0.008420386795522634 0.15885903230713683
 0.03848010398385445]"
Validation Data,Pedestrian Total,Standard,KNN,0.3,2065696.3912847224,1146.7824632061624,0.8826856204517581,RandomForest,NA,NA
Train,Pedestrian Total,Standard,Pandas,0.3,2.2516286644721326e-07,6.840390879446684e-06,0.9999999999999944,RandomForest,"{'n_estimators': 2000, 'max_features': 'sqrt', 'max_depth': 100, 'bootstrap': False}","[0.038693662803744686 0.008652982471249378 0.020047963706877635
 0.00333318097098083 0.015417132615191724 0.002423590904719844
 0.0016519580313916244 0.0016732198753953607 0.0016031279754441128
 0.0034754609655781098 0.0011861326916429668 0.0004788126138553112
 0.03620134377453786 0.02360296065747782 0.33961421548190973
 0.2802921890589791 0.009648390706395246 0.17282947383590447
 0.039174200858724105]"
Test,Pedestrian Total,Standard,Pandas,0.3,3698.669242970839,39.102870060790266,0.9996945435060312,RandomForest,"{'n_estimators': 2000, 'max_features': 'sqrt', 'max_depth': 100, 'bootstrap': False}","[0.038693662803744686 0.008652982471249378 0.020047963706877635
 0.00333318097098083 0.015417132615191724 0.002423590904719844
 0.0016519580313916244 0.0016732198753953607 0.0016031279754441128
 0.0034754609655781098 0.0011861326916429668 0.0004788126138553112
 0.03620134377453786 0.02360296065747782 0.33961421548190973
 0.2802921890589791 0.009648390706395246 0.17282947383590447
 0.039174200858724105]"
Validation Data,Pedestrian Total,Standard,Pandas,0.3,2091321.922390523,1146.9558808789955,0.8812303033514549,RandomForest,NA,NA
Train,Pedestrian Total,Standard,KNN,0.1,20486.0836620432,56.42824751409209,0.9994267567451297,RandomForest,"{'n_estimators': 10, 'max_features': 'log2', 'max_depth': 100, 'bootstrap': True}","[0.0040032799524221075 0.004523387082886862 0.007960912031570611
 0.002791223302447239 0.0033218283820275313 0.0021454744177748513
 0.0011050225324475062 0.002344322092179712 0.0024527774774405113
 0.001578650063974463 0.0005800224894216441 0.00028777281125221975
 0.06667034960939099 0.0030787977388571875 0.34671759859491086
 0.2983588243824989 0.006395408267748397 0.22142940418541066
 0.024254944585337824]"
Test,Pedestrian Total,Standard,KNN,0.1,14317.761555555557,74.32074074074073,0.9988255856766813,RandomForest,"{'n_estimators': 10, 'max_features': 'log2', 'max_depth': 100, 'bootstrap': True}","[0.0040032799524221075 0.004523387082886862 0.007960912031570611
 0.002791223302447239 0.0033218283820275313 0.0021454744177748513
 0.0011050225324475062 0.002344322092179712 0.0024527774774405113
 0.001578650063974463 0.0005800224894216441 0.00028777281125221975
 0.06667034960939099 0.0030787977388571875 0.34671759859491086
 0.2983588243824989 0.006395408267748397 0.22142940418541066
 0.024254944585337824]"
Validation Data,Pedestrian Total,Standard,KNN,0.1,2320487.590755708,1179.674292237443,0.8682155988133405,RandomForest,NA,NA
Train,Pedestrian Total,Standard,Pandas,0.1,1.1574203728614954,0.6886240470461891,0.9999999676129693,RandomForest,"{'n_estimators': 500, 'max_features': 'log2', 'max_depth': 20, 'bootstrap': False}","[0.035334819105503665 0.007901906322787847 0.02061558879847876
 0.003917107822164699 0.014596329152337419 0.0016520093429931342
 0.001854831898443873 0.001600843692645539 0.0013827613780925457
 0.0033563982108946676 0.001138435033197629 0.000400034867652105
 0.03998717791663429 0.021475600628147837 0.3261346113697008
 0.2930173678968697 0.010902794029159339 0.17041938085839403
 0.044312001675902386]"
Test,Pedestrian Total,Standard,Pandas,0.1,1854.9742186143644,26.066750433699987,0.9998478457485638,RandomForest,"{'n_estimators': 500, 'max_features': 'log2', 'max_depth': 20, 'bootstrap': False}","[0.035334819105503665 0.007901906322787847 0.02061558879847876
 0.003917107822164699 0.014596329152337419 0.0016520093429931342
 0.001854831898443873 0.001600843692645539 0.0013827613780925457
 0.0033563982108946676 0.001138435033197629 0.000400034867652105
 0.03998717791663429 0.021475600628147837 0.3261346113697008
 0.2930173678968697 0.010902794029159339 0.17041938085839403
 0.044312001675902386]"
Validation Data,Pedestrian Total,Standard,Pandas,0.1,2080777.1194752732,1147.234362223724,0.8818291604810313,RandomForest,NA,NA
Train,Cycle Total,NA,KNN,0.5,2.591769265840459e-07,1.744186046511532e-05,0.9999999999931302,RandomForest,"{'n_estimators': 2000, 'max_features': 'sqrt', 'max_depth': 100, 'bootstrap': False}","[0.019415728796358143 0.03167198620774175 0.002764417245813926
 0.0024859600009121503 0.002184482819312554 0.0025606045426220616
 0.00012855700230348502 0.00787687008260818 0.01006565393115811
 0.011620599142072604 0.002686228625620337 0.01855893293322827
 0.023864959426829896 0.004093176455976392 0.005757609209484957
 0.009928564525345416 0.002507265751704559 0.009348817526351189
 0.0710570538396913 0.001200054376058027 0.000984797482523016
 0.000855901238459748 0.000831739843754393 0.0011165790411878961
 0.0010466615245408918 0.004194550887740279 0.07065597338095639
 0.3582254273910043 0.01826146263989247 0.026204919378830648
 0.07432370636048094 0.019407694248944923 0.18411306414049072]"
Test,Cycle Total,NA,KNN,0.5,304.7240992513395,12.421849008207934,0.9799790857883838,RandomForest,"{'n_estimators': 2000, 'max_features': 'sqrt', 'max_depth': 100, 'bootstrap': False}","[0.019415728796358143 0.03167198620774175 0.002764417245813926
 0.0024859600009121503 0.002184482819312554 0.0025606045426220616
 0.00012855700230348502 0.00787687008260818 0.01006565393115811
 0.011620599142072604 0.002686228625620337 0.01855893293322827
 0.023864959426829896 0.004093176455976392 0.005757609209484957
 0.009928564525345416 0.002507265751704559 0.009348817526351189
 0.0710570538396913 0.001200054376058027 0.000984797482523016
 0.000855901238459748 0.000831739843754393 0.0011165790411878961
 0.0010466615245408918 0.004194550887740279 0.07065597338095639
 0.3582254273910043 0.01826146263989247 0.026204919378830648
 0.07432370636048094 0.019407694248944923 0.18411306414049072]"
Validation Data,Cycle Total,NA,KNN,0.5,15362.02588103827,88.592312956621,-0.7017014674609909,RandomForest,NA,NA
Train,Cycle Total,NA,Pandas,0.5,1.0259917920641211e-08,4.559963520295791e-06,0.999999999999728,RandomForest,"{'n_estimators': 1000, 'max_features': 'sqrt', 'max_depth': 100, 'bootstrap': False}","[0.018679317256631668 0.035821908343855575 0.003175598941554318
 0.00246323211556809 0.0021016987462805746 0.00332871960851649
 0.00012176297491561271 0.00810520245067166 0.009516105581455577
 0.011741963068781032 0.0028362728448348457 0.01750957930854163
 0.024924824584901598 0.0042575221558577864 0.00742619041407029
 0.009720870896080959 0.0025058272974526766 0.01064959761340815
 0.07007366932342712 0.0012107152780018143 0.001013092496664277
 0.0008861614191136793 0.0008585456045838186 0.0010867997697600455
 0.001057979103633359 0.004226704956632778 0.07185135163194939
 0.34000116613410775 0.018371646528907628 0.029051079887883042
 0.07379588086156469 0.020250647111055193 0.1913783656893368]"
Test,Cycle Total,NA,Pandas,0.5,345.5016925859553,13.051170314637483,0.9772999255253317,RandomForest,"{'n_estimators': 1000, 'max_features': 'sqrt', 'max_depth': 100, 'bootstrap': False}","[0.018679317256631668 0.035821908343855575 0.003175598941554318
 0.00246323211556809 0.0021016987462805746 0.00332871960851649
 0.00012176297491561271 0.00810520245067166 0.009516105581455577
 0.011741963068781032 0.0028362728448348457 0.01750957930854163
 0.024924824584901598 0.0042575221558577864 0.00742619041407029
 0.009720870896080959 0.0025058272974526766 0.01064959761340815
 0.07007366932342712 0.0012107152780018143 0.001013092496664277
 0.0008861614191136793 0.0008585456045838186 0.0010867997697600455
 0.001057979103633359 0.004226704956632778 0.07185135163194939
 0.34000116613410775 0.018371646528907628 0.029051079887883042
 0.07379588086156469 0.020250647111055193 0.1913783656893368]"
Validation Data,Cycle Total,NA,Pandas,0.5,15446.134513570089,88.90578310502283,-0.7110184536784274,RandomForest,NA,NA
Train,Cycle Total,NA,KNN,0.3,8.143322475555219e-10,4.88599348531906e-07,0.9999999999999749,RandomForest,"{'n_estimators': 1000, 'max_features': 'log2', 'max_depth': 100, 'bootstrap': False}","[0.02444322057402657 0.042794452901562946 0.0021523103755103296
 0.002915826276845818 0.0017338269807748688 0.002427769051968604
 0.001274783214759042 0.010008337368911846 0.011006522954178333
 0.017146667441373335 0.0027565517154791866 0.012009164897326839
 0.02677510233343266 0.004526780306797419 0.010291901687317511
 0.01042318737583316 0.0044224989205446895 0.013133752282020994
 0.07158876447635222 0.0011877259691264585 0.000962458143731056
 0.0007944573383681407 0.0007743992029735894 0.001198826898325845
 0.000995691128963756 0.003275234526393793 0.05884582063309045
 0.3504087288087495 0.021151310318764938 0.037821523195965046
 0.06564573131428277 0.015619398624448569 0.16948727276179965]"
Test,Cycle Total,NA,KNN,0.3,69.25054127640578,5.1049101443769,0.9949333945854707,RandomForest,"{'n_estimators': 1000, 'max_features': 'log2', 'max_depth': 100, 'bootstrap': False}","[0.02444322057402657 0.042794452901562946 0.0021523103755103296
 0.002915826276845818 0.0017338269807748688 0.002427769051968604
 0.001274783214759042 0.010008337368911846 0.011006522954178333
 0.017146667441373335 0.0027565517154791866 0.012009164897326839
 0.02677510233343266 0.004526780306797419 0.010291901687317511
 0.01042318737583316 0.0044224989205446895 0.013133752282020994
 0.07158876447635222 0.0011877259691264585 0.000962458143731056
 0.0007944573383681407 0.0007743992029735894 0.001198826898325845
 0.000995691128963756 0.003275234526393793 0.05884582063309045
 0.3504087288087495 0.021151310318764938 0.037821523195965046
 0.06564573131428277 0.015619398624448569 0.16948727276179965]"
Validation Data,Cycle Total,NA,KNN,0.3,15919.78999185491,90.35841700913242,-0.763486808354428,RandomForest,NA,NA
Train,Cycle Total,NA,Pandas,0.3,0.0,0.0,1.0,RandomForest,"{'n_estimators': 100, 'max_features': 'log2', 'max_depth': 100, 'bootstrap': False}","[0.027711746646890353 0.02520375018741136 0.0030841013225988653
 0.003657846722866837 0.0016485830938283237 0.0021236583669174093
 0.0012892838574324879 0.0080890425194498 0.009386594936574578
 0.011749629004699972 0.0025450829451365113 0.01372258153488562
 0.032482395307491335 0.004775205690915573 0.013348097391816046
 0.016254834170009162 0.0030547120354702216 0.010124923512872025
 0.08871110259404566 0.0010428810819133197 0.0009638389688816961
 0.0008490565263847725 0.0008348511565339756 0.0012370012076520264
 0.0010470265701636922 0.004197373255122215 0.07022474042069324
 0.33427014075377925 0.021973568373482893 0.03057561996890648
 0.08251346181872161 0.017828580894438915 0.15347868716201368]"
Test,Cycle Total,NA,Pandas,0.3,88.91374602963526,5.851700227963526,0.9934947675677833,RandomForest,"{'n_estimators': 100, 'max_features': 'log2', 'max_depth': 100, 'bootstrap': False}","[0.027711746646890353 0.02520375018741136 0.0030841013225988653
 0.003657846722866837 0.0016485830938283237 0.0021236583669174093
 0.0012892838574324879 0.0080890425194498 0.009386594936574578
 0.011749629004699972 0.0025450829451365113 0.01372258153488562
 0.032482395307491335 0.004775205690915573 0.013348097391816046
 0.016254834170009162 0.0030547120354702216 0.010124923512872025
 0.08871110259404566 0.0010428810819133197 0.0009638389688816961
 0.0008490565263847725 0.0008348511565339756 0.0012370012076520264
 0.0010470265701636922 0.004197373255122215 0.07022474042069324
 0.33427014075377925 0.021973568373482893 0.03057561996890648
 0.08251346181872161 0.017828580894438915 0.15347868716201368]"
Validation Data,Cycle Total,NA,Pandas,0.3,15858.101897203198,89.96410388127853,-0.7566534178884436,RandomForest,NA,NA
Train,Cycle Total,NA,KNN,0.1,0.12378258773970165,0.19992768019537646,0.9999956680019928,RandomForest,"{'n_estimators': 100, 'max_features': 'log2', 'max_depth': 20, 'bootstrap': False}","[0.02510670858294 0.03757182797842976 0.0019515036618542492
 0.005053331085592594 0.001736416332799028 0.0018413944129898282
 0.0021613890105446685 0.01025031922709145 0.00983749343235182
 0.019182460089111165 0.0027544826063441883 0.010155670063093798
 0.01989255388363293 0.0045160151926870356 0.009177233098985974
 0.004720373311519308 0.0032716773654906323 0.013392698690269923
 0.10050548245677497 0.0013517915726251157 0.0008925831334217406
 0.0008497012368287242 0.0006822143018676211 0.0011737083093216738
 0.000997979853167016 0.0025975986636898075 0.07566455192214257
 0.3916846181278331 0.022163215361404753 0.026197475349027707
 0.06732445251378424 0.013114617081098085 0.11222646209128449]"
Test,Cycle Total,NA,KNN,0.1,32.139551919410444,3.781567414732178,0.9968546349616036,RandomForest,"{'n_estimators': 100, 'max_features': 'log2', 'max_depth': 20, 'bootstrap': False}","[0.02510670858294 0.03757182797842976 0.0019515036618542492
 0.005053331085592594 0.001736416332799028 0.0018413944129898282
 0.0021613890105446685 0.01025031922709145 0.00983749343235182
 0.019182460089111165 0.0027544826063441883 0.010155670063093798
 0.01989255388363293 0.0045160151926870356 0.009177233098985974
 0.004720373311519308 0.0032716773654906323 0.013392698690269923
 0.10050548245677497 0.0013517915726251157 0.0008925831334217406
 0.0008497012368287242 0.0006822143018676211 0.0011737083093216738
 0.000997979853167016 0.0025975986636898075 0.07566455192214257
 0.3916846181278331 0.022163215361404753 0.026197475349027707
 0.06732445251378424 0.013114617081098085 0.11222646209128449]"
Validation Data,Cycle Total,NA,KNN,0.1,17327.762633070877,94.7984092085236,-0.9194525076870608,RandomForest,NA,NA
Train,Cycle Total,NA,Pandas,0.1,0.0,0.0,1.0,RandomForest,"{'n_estimators': 100, 'max_features': 'sqrt', 'max_depth': 100, 'bootstrap': False}","[0.025903844159997785 0.04206557250571495 0.002717867986408737
 0.0037041772332431157 0.0014869120959229108 0.0018003920978381287
 0.0017085632738894345 0.010898998058441314 0.018234494983137867
 0.01652320182670856 0.002948872661589165 0.014508282761249039
 0.02070221259125069 0.006394980707685896 0.009035993590404792
 0.00946853837628507 0.0038871438875522483 0.011393238870770693
 0.0662091896959781 0.00132632339046317 0.0010592371546073738
 0.0007268470240976757 0.0007867237339067869 0.0011244408786573144
 0.0008974358264929633 0.003199773907672635 0.07654535501471361
 0.4071453537988922 0.012679929668679816 0.04142768023490464
 0.0574310983699244 0.011062224272581026 0.11499509936033772]"
Test,Cycle Total,NA,Pandas,0.1,28.391872592592588,3.608695156695157,0.9972214048393933,RandomForest,"{'n_estimators': 100, 'max_features': 'sqrt', 'max_depth': 100, 'bootstrap': False}","[0.025903844159997785 0.04206557250571495 0.002717867986408737
 0.0037041772332431157 0.0014869120959229108 0.0018003920978381287
 0.0017085632738894345 0.010898998058441314 0.018234494983137867
 0.01652320182670856 0.002948872661589165 0.014508282761249039
 0.02070221259125069 0.006394980707685896 0.009035993590404792
 0.00946853837628507 0.0038871438875522483 0.011393238870770693
 0.0662091896959781 0.00132632339046317 0.0010592371546073738
 0.0007268470240976757 0.0007867237339067869 0.0011244408786573144
 0.0008974358264929633 0.003199773907672635 0.07654535501471361
 0.4071453537988922 0.012679929668679816 0.04142768023490464
 0.0574310983699244 0.011062224272581026 0.11499509936033772]"
Validation Data,Cycle Total,NA,Pandas,0.1,17644.19423311644,95.78825684931506,-0.9545046630680261,RandomForest,NA,NA
Train,Cycle Total,Standard,KNN,0.5,0.03564152325872162,0.11286774740586844,0.999999055269307,RandomForest,"{'n_estimators': 100, 'max_features': 'sqrt', 'max_depth': 20, 'bootstrap': False}","[0.018040492144679364 0.03960800183663553 0.002675764177728519
 0.0020027954532547193 0.002131465241602096 0.0016237755969975998
 9.175165921837875e-05 0.007493760406792124 0.007931488980666859
 0.009569184733548586 0.0025392741109632644 0.017935993447368275
 0.02585773301736738 0.008412975884871495 0.005480004351986314
 0.011067960831056878 0.0023513595374239724 0.009449225427895995
 0.06422784985994798 0.001120927649725806 0.0009547925702570549
 0.000855974319316252 0.0008104435835027056 0.0011075684632129836
 0.0010308381992371156 0.003975483855711097 0.07349808021032117
 0.3355561676991897 0.022561190214785323 0.027566100085005915
 0.0734037051445967 0.02005859390304166 0.19900927740209112]"
Test,Cycle Total,Standard,KNN,0.5,406.8576912938511,13.60685289170651,0.9732687275022124,RandomForest,"{'n_estimators': 100, 'max_features': 'sqrt', 'max_depth': 20, 'bootstrap': False}","[0.018040492144679364 0.03960800183663553 0.002675764177728519
 0.0020027954532547193 0.002131465241602096 0.0016237755969975998
 9.175165921837875e-05 0.007493760406792124 0.007931488980666859
 0.009569184733548586 0.0025392741109632644 0.017935993447368275
 0.02585773301736738 0.008412975884871495 0.005480004351986314
 0.011067960831056878 0.0023513595374239724 0.009449225427895995
 0.06422784985994798 0.001120927649725806 0.0009547925702570549
 0.000855974319316252 0.0008104435835027056 0.0011075684632129836
 0.0010308381992371156 0.003975483855711097 0.07349808021032117
 0.3355561676991897 0.022561190214785323 0.027566100085005915
 0.0734037051445967 0.02005859390304166 0.19900927740209112]"
Validation Data,Cycle Total,Standard,KNN,0.5,8153.675205703541,59.98923122151974,0.09679093303231445,RandomForest,NA,NA
Train,Cycle Total,Standard,Pandas,0.5,1.2539899680836445e-08,3.6479708162387384e-06,0.9999999999996676,RandomForest,"{'n_estimators': 1000, 'max_features': 'log2', 'max_depth': 100, 'bootstrap': False}","[0.020335817485072145 0.03248198129398251 0.0028737739352145556
 0.0023518602831238125 0.0021569373521364847 0.0027296659797106733
 0.0001298576001522492 0.007667593381233561 0.008780360539459615
 0.010878304330812154 0.002750301871573013 0.018714543626939584
 0.02346104979836037 0.004158316070301513 0.006165027423835757
 0.008962852412207425 0.0025983279335406117 0.010811769825891038
 0.07211443131984173 0.0011633453574709674 0.0009990279027454723
 0.000877063509811423 0.0008449917101838803 0.0010978030129182733
 0.0010353824519699162 0.004165817276240674 0.07339452970783363
 0.35279307629568163 0.01880934976928898 0.027125639505322385
 0.07232579246549879 0.01902609121164876 0.18621931735999633]"
Test,Cycle Total,Standard,Pandas,0.5,314.0984795858413,12.54546454628363,0.9793631723607119,RandomForest,"{'n_estimators': 1000, 'max_features': 'log2', 'max_depth': 100, 'bootstrap': False}","[0.020335817485072145 0.03248198129398251 0.0028737739352145556
 0.0023518602831238125 0.0021569373521364847 0.0027296659797106733
 0.0001298576001522492 0.007667593381233561 0.008780360539459615
 0.010878304330812154 0.002750301871573013 0.018714543626939584
 0.02346104979836037 0.004158316070301513 0.006165027423835757
 0.008962852412207425 0.0025983279335406117 0.010811769825891038
 0.07211443131984173 0.0011633453574709674 0.0009990279027454723
 0.000877063509811423 0.0008449917101838803 0.0010978030129182733
 0.0010353824519699162 0.004165817276240674 0.07339452970783363
 0.35279307629568163 0.01880934976928898 0.027125639505322385
 0.07232579246549879 0.01902609121164876 0.18621931735999633]"
Validation Data,Cycle Total,Standard,Pandas,0.5,8260.463545188242,61.907074771689494,0.08496164206404833,RandomForest,NA,NA
Train,Cycle Total,Standard,KNN,0.3,0.07526739200568396,0.15573157807234683,0.9999976767799902,RandomForest,"{'n_estimators': 50, 'max_features': 'log2', 'max_depth': 20, 'bootstrap': False}","[0.02612325394499944 0.04057621030343954 0.0024688510946491047
 0.003860600023868552 0.0020544980058272606 0.002366497857499646
 0.0015212480512620556 0.011711462577264707 0.006892534257794834
 0.007073244302952296 0.0013790256020738568 0.013681551905039861
 0.029572198896619706 0.0029321791421971478 0.012505089393103212
 0.010743348704810043 0.003405149625814674 0.01132919284733372
 0.05910024517317662 0.0011491306086460944 0.0007709157751392861
 0.000789329901509836 0.0006335402018893063 0.000872661404762529
 0.0008882427909885232 0.003117998443740666 0.07027458003616643
 0.37243048438667975 0.02387408232760971 0.030510181509070665
 0.05786024581914211 0.017327355869192877 0.170204869215736]"
Test,Cycle Total,Standard,KNN,0.3,82.70486513444946,5.5351978267253825,0.9939490304368078,RandomForest,"{'n_estimators': 50, 'max_features': 'log2', 'max_depth': 20, 'bootstrap': False}","[0.02612325394499944 0.04057621030343954 0.0024688510946491047
 0.003860600023868552 0.0020544980058272606 0.002366497857499646
 0.0015212480512620556 0.011711462577264707 0.006892534257794834
 0.007073244302952296 0.0013790256020738568 0.013681551905039861
 0.029572198896619706 0.0029321791421971478 0.012505089393103212
 0.010743348704810043 0.003405149625814674 0.01132919284733372
 0.05910024517317662 0.0011491306086460944 0.0007709157751392861
 0.000789329901509836 0.0006335402018893063 0.000872661404762529
 0.0008882427909885232 0.003117998443740666 0.07027458003616643
 0.37243048438667975 0.02387408232760971 0.030510181509070665
 0.05786024581914211 0.017327355869192877 0.170204869215736]"
Validation Data,Cycle Total,Standard,KNN,0.3,8175.925811708906,59.6104202475715,0.09432616118617654,RandomForest,NA,NA
Train,Cycle Total,Standard,Pandas,0.3,9.381107491856926e-08,9.337676438654634e-06,0.9999999999971044,RandomForest,"{'n_estimators': 500, 'max_features': 'sqrt', 'max_depth': 100, 'bootstrap': False}","[0.022403244928651724 0.0425591279093549 0.0022232403616970495
 0.0038036212356794136 0.0018472104398280535 0.002342856597704805
 0.0012229217299633071 0.01035797468173521 0.011148595527884858
 0.01196016178302709 0.0025432905071076325 0.010200379008992837
 0.029736903607296503 0.0042573722963667755 0.010018980416575108
 0.011705130073733631 0.003163046198350675 0.01181802172842828
 0.07872929586656481 0.0010847188013533167 0.0009824914080613439
 0.0008405211197893956 0.0007575281368201662 0.0011415255645139705
 0.001047583315721744 0.0035025376540150375 0.06706767591734203
 0.3390432756559444 0.02416781888492477 0.038770177793653625
 0.0670646851089203 0.015883484796579285 0.16660460094341803]"
Test,Cycle Total,Standard,Pandas,0.3,80.44396318768996,5.3775414133738595,0.9941144457221476,RandomForest,"{'n_estimators': 500, 'max_features': 'sqrt', 'max_depth': 100, 'bootstrap': False}","[0.022403244928651724 0.0425591279093549 0.0022232403616970495
 0.0038036212356794136 0.0018472104398280535 0.002342856597704805
 0.0012229217299633071 0.01035797468173521 0.011148595527884858
 0.01196016178302709 0.0025432905071076325 0.010200379008992837
 0.029736903607296503 0.0042573722963667755 0.010018980416575108
 0.011705130073733631 0.003163046198350675 0.01181802172842828
 0.07872929586656481 0.0010847188013533167 0.0009824914080613439
 0.0008405211197893956 0.0007575281368201662 0.0011415255645139705
 0.001047583315721744 0.0035025376540150375 0.06706767591734203
 0.3390432756559444 0.02416781888492477 0.038770177793653625
 0.0670646851089203 0.015883484796579285 0.16660460094341803]"
Validation Data,Cycle Total,Standard,Pandas,0.3,7898.6268639150685,60.68115662100457,0.12504346566413704,RandomForest,NA,NA
Train,Cycle Total,Standard,KNN,0.1,0.05102467315387606,0.1345373598848235,0.9999982142982591,RandomForest,"{'n_estimators': 500, 'max_features': 'sqrt', 'max_depth': 20, 'bootstrap': False}","[0.026081640724688087 0.04679066451473493 0.0023464916595090455
 0.002683283010580431 0.0019006485620886296 0.002099752973088322
 0.002483121026136861 0.009820831497451749 0.013137498573458275
 0.017709737459120745 0.003768469243431704 0.014666217723713269
 0.023470586781674026 0.0055146784085139886 0.010383946130521746
 0.010075416733047533 0.005852282241646906 0.012056708337738203
 0.07605931146108892 0.0013429185923032147 0.0009596178346298267
 0.0007551645461435269 0.0007282322976031914 0.001098637167453416
 0.0009367094673144158 0.00285562325097839 0.06570426054491917
 0.3644110840893968 0.0248229648644073 0.03544839642362877
 0.06762737708428294 0.01301018605720652 0.13339754071749918]"
Test,Cycle Total,Standard,KNN,0.1,28.577541334938957,3.583289792540126,0.9972032342073831,RandomForest,"{'n_estimators': 500, 'max_features': 'sqrt', 'max_depth': 20, 'bootstrap': False}","[0.026081640724688087 0.04679066451473493 0.0023464916595090455
 0.002683283010580431 0.0019006485620886296 0.002099752973088322
 0.002483121026136861 0.009820831497451749 0.013137498573458275
 0.017709737459120745 0.003768469243431704 0.014666217723713269
 0.023470586781674026 0.0055146784085139886 0.010383946130521746
 0.010075416733047533 0.005852282241646906 0.012056708337738203
 0.07605931146108892 0.0013429185923032147 0.0009596178346298267
 0.0007551645461435269 0.0007282322976031914 0.001098637167453416
 0.0009367094673144158 0.00285562325097839 0.06570426054491917
 0.3644110840893968 0.0248229648644073 0.03544839642362877
 0.06762737708428294 0.01301018605720652 0.13339754071749918]"
Validation Data,Cycle Total,Standard,KNN,0.1,7602.941677785762,58.64910738758127,0.15779747343883999,RandomForest,NA,NA
Train,Cycle Total,Standard,Pandas,0.1,0.06751634616589922,0.15028329912729868,0.9999976371420053,RandomForest,"{'n_estimators': 500, 'max_features': 'sqrt', 'max_depth': 20, 'bootstrap': False}","[0.02569068281468683 0.04098787025198416 0.0024960503831661356
 0.0024518991770245955 0.0019296071085340685 0.0023428573364986703
 0.002511196505322286 0.009926744178394922 0.01579290564006083
 0.017065159842627357 0.003528177766162 0.013558291836321523
 0.02273891671784705 0.0050521410276152205 0.01050485686206274
 0.008162733969275193 0.004539506290174546 0.013117973918583612
 0.07898868769911026 0.0013229434239815146 0.0009608774105103222
 0.0007317712428012061 0.0007031167685063423 0.0010060300798363552
 0.0009684849575823545 0.002342791011652183 0.0631285714958519
 0.376945830028938 0.02776324045174755 0.03295921623885199
 0.06152128419809382 0.013329837829293674 0.13492974553690082]"
Test,Cycle Total,Standard,Pandas,0.1,29.478497264689636,3.639778851239674,0.9971150613762969,RandomForest,"{'n_estimators': 500, 'max_features': 'sqrt', 'max_depth': 20, 'bootstrap': False}","[0.02569068281468683 0.04098787025198416 0.0024960503831661356
 0.0024518991770245955 0.0019296071085340685 0.0023428573364986703
 0.002511196505322286 0.009926744178394922 0.01579290564006083
 0.017065159842627357 0.003528177766162 0.013558291836321523
 0.02273891671784705 0.0050521410276152205 0.01050485686206274
 0.008162733969275193 0.004539506290174546 0.013117973918583612
 0.07898868769911026 0.0013229434239815146 0.0009608774105103222
 0.0007317712428012061 0.0007031167685063423 0.0010060300798363552
 0.0009684849575823545 0.002342791011652183 0.0631285714958519
 0.376945830028938 0.02776324045174755 0.03295921623885199
 0.06152128419809382 0.013329837829293674 0.13492974553690082]"
Validation Data,Cycle Total,Standard,Pandas,0.1,7782.256691645536,60.08394642495449,0.13793416734979036,RandomForest,NA,NA
