Data Set,Label,Scaled,Imputer,Split,MSE,MAE,R2,Model,Best Params,feature importance,Outliers
Train,Pedestrian Total,Not Scaled,KNN,0.5,1393019.113697117,749.4014895880833,0.9702867239230888,KNN,"{'p': 1, 'n_neighbors': 15, 'leaf_size': 50}",Not Available,Not Removed
Test,Pedestrian Total,Not Scaled,KNN,0.5,586882.7068460252,568.0488524091808,0.9541146780573353,KNN,"{'p': 1, 'n_neighbors': 15, 'leaf_size': 50}",Not Available,Not Removed
Validation Data,Pedestrian Total,Not Scaled,KNN,0.5,53744110.23539168,6011.352671232877,-2.0522185996152307,KNN,NA,NA,Not Removed
Train,Pedestrian Total,Not Scaled,Pandas,0.5,1507793.471898655,783.6308937528499,0.9678385721653275,KNN,"{'p': 1, 'n_neighbors': 20, 'leaf_size': 40}",Not Available,Not Removed
Test,Pedestrian Total,Not Scaled,Pandas,0.5,2384215.3360718763,1198.1610180118557,0.813590540324101,KNN,"{'p': 1, 'n_neighbors': 20, 'leaf_size': 40}",Not Available,Not Removed
Validation Data,Pedestrian Total,Not Scaled,Pandas,0.5,53717751.68965412,6009.464748858448,-2.050721653378581,KNN,NA,NA,Not Removed
Train,Pedestrian Total,Not Scaled,KNN,0.3,1093204.8684053565,653.4730510314874,0.9730618061529107,KNN,"{'p': 1, 'n_neighbors': 15, 'leaf_size': 30}",Not Available,Not Removed
Test,Pedestrian Total,Not Scaled,KNN,0.3,447308.95726781496,480.42955927051673,0.9630587606427524,KNN,"{'p': 1, 'n_neighbors': 15, 'leaf_size': 30}",Not Available,Not Removed
Validation Data,Pedestrian Total,Not Scaled,KNN,0.3,54467109.23614966,6071.87408675799,-2.0932789313976623,KNN,NA,NA,Not Removed
Train,Pedestrian Total,Not Scaled,Pandas,0.3,1087292.4495822475,671.3602850162868,0.9732074969460686,KNN,"{'p': 1, 'n_neighbors': 10, 'leaf_size': 50}",Not Available,Not Removed
Test,Pedestrian Total,Not Scaled,Pandas,0.3,1415438.417893237,849.5778685410335,0.883105293240234,KNN,"{'p': 1, 'n_neighbors': 10, 'leaf_size': 50}",Not Available,Not Removed
Validation Data,Pedestrian Total,Not Scaled,Pandas,0.3,53831129.77786187,6017.674189497717,-2.05716058609327,KNN,NA,NA,Not Removed
Train,Pedestrian Total,Not Scaled,KNN,0.1,650672.1069048072,491.91670150104505,0.9817928403218175,KNN,"{'p': 1, 'n_neighbors': 5, 'leaf_size': 40}",Not Available,Not Removed
Test,Pedestrian Total,Not Scaled,KNN,0.1,420913.563920228,458.8641595441595,0.9654745669266162,KNN,"{'p': 1, 'n_neighbors': 5, 'leaf_size': 40}",Not Available,Not Removed
Validation Data,Pedestrian Total,Not Scaled,KNN,0.1,54689458.34636986,6089.456872146117,-2.10590651211022,KNN,NA,NA,Not Removed
Train,Pedestrian Total,Not Scaled,Pandas,0.1,1022439.0579390714,661.1879029704224,0.9713900273400983,KNN,"{'p': 1, 'n_neighbors': 10, 'leaf_size': 30}",Not Available,Not Removed
Test,Pedestrian Total,Not Scaled,Pandas,0.1,1345587.1435669516,822.491282051282,0.8896282209655019,KNN,"{'p': 1, 'n_neighbors': 10, 'leaf_size': 30}",Not Available,Not Removed
Validation Data,Pedestrian Total,Not Scaled,Pandas,0.1,53831129.77786187,6017.674189497717,-2.05716058609327,KNN,NA,NA,Not Removed
Train,Pedestrian Total,Standard,KNN,0.5,3389045.159944014,1114.2945280437757,0.9277112327574054,KNN,"{'p': 2, 'n_neighbors': 30, 'leaf_size': 40}",Not Available,Not Removed
Test,Pedestrian Total,Standard,KNN,0.5,7577067.690700081,2112.278640370877,0.40758828584746043,KNN,"{'p': 2, 'n_neighbors': 30, 'leaf_size': 40}",Not Available,Not Removed
Validation Data,Pedestrian Total,Standard,KNN,0.5,7107892.385260655,2007.5776598173518,0.5963308119283086,KNN,NA,NA,Not Removed
Train,Pedestrian Total,Standard,Pandas,0.5,2771912.755762369,1016.3545314637482,0.9408747459649092,KNN,"{'p': 2, 'n_neighbors': 20, 'leaf_size': 20}",Not Available,Not Removed
Test,Pedestrian Total,Standard,Pandas,0.5,16161603.118805004,3397.9785624715,-0.26359211741180655,KNN,"{'p': 2, 'n_neighbors': 20, 'leaf_size': 20}",Not Available,Not Removed
Validation Data,Pedestrian Total,Standard,Pandas,0.5,7700938.032935789,2198.6647203196344,0.5626507500884734,KNN,NA,NA,Not Removed
Train,Pedestrian Total,Standard,KNN,0.3,1193167.7607557005,709.4979153094463,0.9705985718136991,KNN,"{'p': 2, 'n_neighbors': 5, 'leaf_size': 30}",Not Available,Not Removed
Test,Pedestrian Total,Standard,KNN,0.3,4796734.713449848,1711.4825987841946,0.6038592066988795,KNN,"{'p': 2, 'n_neighbors': 5, 'leaf_size': 30}",Not Available,Not Removed
Validation Data,Pedestrian Total,Standard,KNN,0.3,5220491.27960274,1651.1856392694065,0.7035195017101677,KNN,NA,NA,Not Removed
Train,Pedestrian Total,Standard,Pandas,0.3,4127754.431884364,1151.0673995656896,0.8982859917176543,KNN,"{'p': 1, 'n_neighbors': 30, 'leaf_size': 50}",Not Available,Not Removed
Test,Pedestrian Total,Standard,Pandas,0.3,7165347.278874325,2198.4533751266463,0.40824612472891175,KNN,"{'p': 1, 'n_neighbors': 30, 'leaf_size': 50}",Not Available,Not Removed
Validation Data,Pedestrian Total,Standard,Pandas,0.3,5363072.190467276,1733.204832572298,0.695422091478893,KNN,NA,NA,Not Removed
Train,Pedestrian Total,Standard,KNN,0.1,1062326.1374171893,675.2789917030844,0.9702739038464864,KNN,"{'p': 2, 'n_neighbors': 5, 'leaf_size': 50}",Not Available,Not Removed
Test,Pedestrian Total,Standard,KNN,0.1,1893417.0557492878,1052.3112250712252,0.8446924750311333,KNN,"{'p': 2, 'n_neighbors': 5, 'leaf_size': 50}",Not Available,Not Removed
Validation Data,Pedestrian Total,Standard,KNN,0.1,4579756.1530091325,1504.812899543379,0.7399079294327646,KNN,NA,NA,Not Removed
Train,Pedestrian Total,Standard,Pandas,0.1,3764232.2766258507,1149.514001308928,0.8946689470794819,KNN,"{'p': 1, 'n_neighbors': 30, 'leaf_size': 30}",Not Available,Not Removed
Test,Pedestrian Total,Standard,Pandas,0.1,3906726.3397264956,1451.3318898385567,0.6795507906135909,KNN,"{'p': 1, 'n_neighbors': 30, 'leaf_size': 30}",Not Available,Not Removed
Validation Data,Pedestrian Total,Standard,Pandas,0.1,4867454.966663242,1584.6157039573823,0.7235690289229921,KNN,NA,NA,Not Removed
Train,Pedestrian Total,Not Scaled,KNN,0.5,2411792.9906032626,1135.3322017329924,0.9485561466705505,Ridge,"{'normalize': False, 'alpha': 10}",Not Available,Not Removed
Test,Pedestrian Total,Not Scaled,KNN,0.5,1009999.4017311453,770.7568694106628,0.9210333731600457,Ridge,"{'normalize': False, 'alpha': 10}",Not Available,Not Removed
Validation Data,Pedestrian Total,Not Scaled,KNN,0.5,25224385.943928704,4368.843383575914,-0.43253539047767786,Ridge,NA,NA,Not Removed
Train,Pedestrian Total,Not Scaled,Pandas,0.5,2414855.528281855,1136.2763364311738,0.9484908223496958,Ridge,"{'normalize': False, 'alpha': 10}",Not Available,Not Removed
Test,Pedestrian Total,Not Scaled,Pandas,0.5,1532582.0087574336,921.4334994679826,0.8801753432925388,Ridge,"{'normalize': False, 'alpha': 10}",Not Available,Not Removed
Validation Data,Pedestrian Total,Not Scaled,Pandas,0.5,25494189.863395013,4392.426609158455,-0.44785800978679546,Ridge,NA,NA,Not Removed
Train,Pedestrian Total,Not Scaled,KNN,0.3,1991391.5821443924,1008.15970515136,0.9509291496812322,Ridge,"{'normalize': True, 'alpha': 0.001}",Not Available,Not Removed
Test,Pedestrian Total,Not Scaled,KNN,0.3,942666.0722836752,746.1224235577491,0.9221494395665809,Ridge,"{'normalize': True, 'alpha': 0.001}",Not Available,Not Removed
Validation Data,Pedestrian Total,Not Scaled,KNN,0.3,16612808.805417974,3333.9016507651754,0.05653058901405972,Ridge,NA,NA,Not Removed
Train,Pedestrian Total,Not Scaled,Pandas,0.3,2059138.263950497,1036.2482849372693,0.9492597706839981,Ridge,"{'normalize': False, 'alpha': 10}",Not Available,Not Removed
Test,Pedestrian Total,Not Scaled,Pandas,0.3,1485575.37526586,891.4925235346445,0.8773129966899553,Ridge,"{'normalize': False, 'alpha': 10}",Not Available,Not Removed
Validation Data,Pedestrian Total,Not Scaled,Pandas,0.3,17075367.480845723,3347.4927952088988,0.03026110224852696,Ridge,NA,NA,Not Removed
Train,Pedestrian Total,Not Scaled,KNN,0.1,1742588.0943412434,935.2799713697252,0.9512387585847253,Ridge,"{'normalize': False, 'alpha': 10}",Not Available,Not Removed
Test,Pedestrian Total,Not Scaled,KNN,0.1,956240.6471950689,749.8128876446672,0.9215643654737637,Ridge,"{'normalize': False, 'alpha': 10}",Not Available,Not Removed
Validation Data,Pedestrian Total,Not Scaled,KNN,0.1,16747639.063908856,3322.791841860426,0.048873351393893594,Ridge,NA,NA,Not Removed
Train,Pedestrian Total,Not Scaled,Pandas,0.1,1880300.8860053762,992.3208311064615,0.9473852680770647,Ridge,"{'normalize': False, 'alpha': 10}",Not Available,Not Removed
Test,Pedestrian Total,Not Scaled,Pandas,0.1,1503954.8689092305,890.3793959368501,0.8766381090494955,Ridge,"{'normalize': False, 'alpha': 10}",Not Available,Not Removed
Validation Data,Pedestrian Total,Not Scaled,Pandas,0.1,15889851.94874373,3298.059879856485,0.09758852736294654,Ridge,NA,NA,Not Removed
Train,Pedestrian Total,Standard,KNN,0.5,2411971.7122504325,1135.0790237642675,0.9485523345149305,Ridge,"{'normalize': False, 'alpha': 10}",Not Available,Not Removed
Test,Pedestrian Total,Standard,KNN,0.5,1008167.8768965495,770.0876548403567,0.9211765706093846,Ridge,"{'normalize': False, 'alpha': 10}",Not Available,Not Removed
Validation Data,Pedestrian Total,Standard,KNN,0.5,4788457.180833991,1739.2398017618139,0.7280554463216689,Ridge,NA,NA,Not Removed
Train,Pedestrian Total,Standard,Pandas,0.5,2415032.121085744,1136.0246119108865,0.9484870556025755,Ridge,"{'normalize': False, 'alpha': 10}",Not Available,Not Removed
Test,Pedestrian Total,Standard,Pandas,0.5,1534848.889926634,924.3527642371561,0.8799981075842086,Ridge,"{'normalize': False, 'alpha': 10}",Not Available,Not Removed
Validation Data,Pedestrian Total,Standard,Pandas,0.5,4448649.024366114,1615.5357359372535,0.7473537242339752,Ridge,NA,NA,Not Removed
Train,Pedestrian Total,Standard,KNN,0.3,1991234.4362057627,1008.8394664960352,0.9509330219908783,Ridge,"{'normalize': False, 'alpha': 0.1}",Not Available,Not Removed
Test,Pedestrian Total,Standard,KNN,0.3,946893.6017616711,747.9570631885078,0.9218003068792089,Ridge,"{'normalize': False, 'alpha': 0.1}",Not Available,Not Removed
Validation Data,Pedestrian Total,Standard,KNN,0.3,4665752.569546459,1717.2989857806965,0.7350240480008112,Ridge,NA,NA,Not Removed
Train,Pedestrian Total,Standard,Pandas,0.3,2059129.3010147014,1036.280082210425,0.9492599915440664,Ridge,"{'normalize': False, 'alpha': 0.001}",Not Available,Not Removed
Test,Pedestrian Total,Standard,Pandas,0.3,1493334.9717464983,893.1069684932355,0.8766721664399693,Ridge,"{'normalize': False, 'alpha': 0.001}",Not Available,Not Removed
Validation Data,Pedestrian Total,Standard,Pandas,0.3,5757957.892188723,1851.900235027524,0.6729958669449418,Ridge,NA,NA,Not Removed
Train,Pedestrian Total,Standard,KNN,0.1,1742587.677081526,935.311689742679,0.9512387702605205,Ridge,"{'normalize': False, 'alpha': 0.001}",Not Available,Not Removed
Test,Pedestrian Total,Standard,KNN,0.1,956323.8225990674,749.8674657855812,0.9215575430116474,Ridge,"{'normalize': False, 'alpha': 0.001}",Not Available,Not Removed
Validation Data,Pedestrian Total,Standard,KNN,0.1,4512475.841394959,1680.5192211851097,0.7437288917223488,Ridge,NA,NA,Not Removed
Train,Pedestrian Total,Standard,Pandas,0.1,1880300.5695779666,992.3292560136163,0.9473852769313622,Ridge,"{'normalize': False, 'alpha': 0.01}",Not Available,Not Removed
Test,Pedestrian Total,Standard,Pandas,0.1,1504126.8481548307,890.387258986146,0.8766240024526952,Ridge,"{'normalize': False, 'alpha': 0.01}",Not Available,Not Removed
Validation Data,Pedestrian Total,Standard,Pandas,0.1,4811170.620155681,1718.2966526380749,0.726765511821772,Ridge,NA,NA,Not Removed
Train,Pedestrian Total,Not Scaled,KNN,0.5,407795.2063089219,463.8264313691156,0.9913016760295993,RandomForest,"{'n_estimators': 2000, 'max_features': 'auto', 'max_depth': 10, 'bootstrap': True}","[0.019150850627367624 0.10846757835807523 0.037157117525898016
 0.00142232695256207 0.013663840743639775 0.0014926159003851487
 0.0005446625437822916 0.001207431237912662 0.00036108637730612953
 0.0026900502353693393 0.0006343656410881308 0.0005525391792132506
 0.0009858657325232246 0.0014548978078042932 0.000863400291750157
 0.002401659090618249 0.7974759565779541 0.00012538012898673774
 0.00012704648108005762 0.002551742150861814 0.0025396034405609025
 9.605885167705572e-05 0.0034988779621392685 8.456772005235767e-05
 0.0004504784413923356]",Not Removed
Test,Pedestrian Total,Not Scaled,KNN,0.5,1129388.1314897994,757.8337474386195,0.9116989861736885,RandomForest,"{'n_estimators': 2000, 'max_features': 'auto', 'max_depth': 10, 'bootstrap': True}","[0.019150850627367624 0.10846757835807523 0.037157117525898016
 0.00142232695256207 0.013663840743639775 0.0014926159003851487
 0.0005446625437822916 0.001207431237912662 0.00036108637730612953
 0.0026900502353693393 0.0006343656410881308 0.0005525391792132506
 0.0009858657325232246 0.0014548978078042932 0.000863400291750157
 0.002401659090618249 0.7974759565779541 0.00012538012898673774
 0.00012704648108005762 0.002551742150861814 0.0025396034405609025
 9.605885167705572e-05 0.0034988779621392685 8.456772005235767e-05
 0.0004504784413923356]",Not Removed
Validation Data,Pedestrian Total,Not Scaled,KNN,0.5,52058793.611101024,5876.245619664151,-1.9565066281197336,RandomForest,NA,NA,Not Removed
Train,Pedestrian Total,Not Scaled,Pandas,0.5,134383.9563052806,238.24894931021433,0.9971335730035973,RandomForest,"{'n_estimators': 100, 'max_features': 'auto', 'max_depth': 20, 'bootstrap': True}","[0.019536722528161837 0.10876189417277374 0.03691647134694853
 0.0018270859321468705 0.015012141202957165 0.0020075922632081964
 0.0008961634944583878 0.0015693452661819157 0.000494707757857107
 0.0032770074744672435 0.0009524290700204835 0.0008848687256122637
 0.0014514119681809212 0.00207553778027504 0.0012186989686229928
 0.0032731149832931424 0.7899236403197265 0.00022393464182074864
 0.00019641168260277865 0.0023786328840826733 0.002637045728340376
 0.000171272088228326 0.003604743088687824 0.00014039538620833964
 0.0005687312451366264]",Not Removed
Test,Pedestrian Total,Not Scaled,Pandas,0.5,5676640.56631038,2056.297746512117,0.5561728486808516,RandomForest,"{'n_estimators': 100, 'max_features': 'auto', 'max_depth': 20, 'bootstrap': True}","[0.019536722528161837 0.10876189417277374 0.03691647134694853
 0.0018270859321468705 0.015012141202957165 0.0020075922632081964
 0.0008961634944583878 0.0015693452661819157 0.000494707757857107
 0.0032770074744672435 0.0009524290700204835 0.0008848687256122637
 0.0014514119681809212 0.00207553778027504 0.0012186989686229928
 0.0032731149832931424 0.7899236403197265 0.00022393464182074864
 0.00019641168260277865 0.0023786328840826733 0.002637045728340376
 0.000171272088228326 0.003604743088687824 0.00014039538620833964
 0.0005687312451366264]",Not Removed
Validation Data,Pedestrian Total,Not Scaled,Pandas,0.5,51721655.517307006,5847.148993150685,-1.9373599875667509,RandomForest,NA,NA,Not Removed
Train,Pedestrian Total,Not Scaled,KNN,0.3,115319.86872648867,216.95099553436887,0.9971583469229272,RandomForest,"{'n_estimators': 1000, 'max_features': 'auto', 'max_depth': 20, 'bootstrap': True}","[0.013663812726273898 0.09252300633382836 0.04205437491139386
 0.0022166591996825025 0.016735888977161238 0.0022245635617917188
 0.0008806478360030293 0.0018491577170662563 0.0003916016172811776
 0.0022232696181962086 0.0008825906196613933 0.000766505633947404
 0.0014994493093370893 0.0018501165024298178 0.0012400191940059356
 0.0036793631066518295 0.8091941888735071 0.00023344378870530504
 0.0002234698243043373 0.001988922584107486 0.001969884271140276
 0.00020965001993778601 0.0010928301038738556 0.00016807719491947383
 0.00023850647479262702]",Not Removed
Test,Pedestrian Total,Not Scaled,KNN,0.3,511363.4199844605,496.4323181262847,0.9577687900292224,RandomForest,"{'n_estimators': 1000, 'max_features': 'auto', 'max_depth': 20, 'bootstrap': True}","[0.013663812726273898 0.09252300633382836 0.04205437491139386
 0.0022166591996825025 0.016735888977161238 0.0022245635617917188
 0.0008806478360030293 0.0018491577170662563 0.0003916016172811776
 0.0022232696181962086 0.0008825906196613933 0.000766505633947404
 0.0014994493093370893 0.0018501165024298178 0.0012400191940059356
 0.0036793631066518295 0.8091941888735071 0.00023344378870530504
 0.0002234698243043373 0.001988922584107486 0.001969884271140276
 0.00020965001993778601 0.0010928301038738556 0.00016807719491947383
 0.00023850647479262702]",Not Removed
Validation Data,Pedestrian Total,Not Scaled,KNN,0.3,54065705.36984463,6042.619658464139,-2.0704825293114135,RandomForest,NA,NA,Not Removed
Train,Pedestrian Total,Not Scaled,Pandas,0.3,124778.37722482899,228.21641938110747,0.9969252752061828,RandomForest,"{'n_estimators': 100, 'max_features': 'auto', 'max_depth': 100, 'bootstrap': True}","[0.01806128537103107 0.01033839142183872 0.011220122208094898
 0.006341728215662068 0.0323231565437543 0.002860419260976269
 0.0010407583915823407 0.0028610830312372016 0.00045486221917063953
 0.0027150309746073334 0.0009413566163808765 0.0008755472915095385
 0.0014738752210382653 0.0020626439769399927 0.0018820560111721671
 0.004451515657238777 0.8897248779046516 0.0002815262146665129
 0.00024701775572201766 0.0039389199491453135 0.0040426441860487465
 0.00013705282020024504 0.0012834960146553152 0.00021522960999220372
 0.00022540313268362136]",Not Removed
Test,Pedestrian Total,Not Scaled,Pandas,0.3,967059.3275920214,703.0404331306991,0.9201349100821903,RandomForest,"{'n_estimators': 100, 'max_features': 'auto', 'max_depth': 100, 'bootstrap': True}","[0.01806128537103107 0.01033839142183872 0.011220122208094898
 0.006341728215662068 0.0323231565437543 0.002860419260976269
 0.0010407583915823407 0.0028610830312372016 0.00045486221917063953
 0.0027150309746073334 0.0009413566163808765 0.0008755472915095385
 0.0014738752210382653 0.0020626439769399927 0.0018820560111721671
 0.004451515657238777 0.8897248779046516 0.0002815262146665129
 0.00024701775572201766 0.0039389199491453135 0.0040426441860487465
 0.00013705282020024504 0.0012834960146553152 0.00021522960999220372
 0.00022540313268362136]",Not Removed
Validation Data,Pedestrian Total,Not Scaled,Pandas,0.3,54070688.27923096,6043.6727488584465,-2.070765517133568,RandomForest,NA,NA,Not Removed
Train,Pedestrian Total,Not Scaled,KNN,0.1,96014.6589433743,193.3495082019127,0.9973133100247004,RandomForest,"{'n_estimators': 2000, 'max_features': 'auto', 'max_depth': 100, 'bootstrap': True}","[0.023753817751857195 0.10283777831502051 0.0480129865535651
 0.0020951942782899097 0.009158608629923263 0.002323493668466579
 0.000928916479203192 0.0015823367734573665 0.0003980517318703814
 0.0018332565169169607 0.0008288689112362001 0.000747219043619388
 0.0014156325995304275 0.0017769431417215802 0.0012019992783460698
 0.0027666325543475277 0.7919218969713117 0.0002055494897643786
 0.00020470002875982928 0.00209246482981473 0.0021192679365061302
 0.00014110249879000712 0.0013113340190180893 0.00011330260582078546
 0.0002286453928426338]",Not Removed
Test,Pedestrian Total,Not Scaled,KNN,0.1,356373.63195638807,410.83571509971506,0.9707684545381844,RandomForest,"{'n_estimators': 2000, 'max_features': 'auto', 'max_depth': 100, 'bootstrap': True}","[0.023753817751857195 0.10283777831502051 0.0480129865535651
 0.0020951942782899097 0.009158608629923263 0.002323493668466579
 0.000928916479203192 0.0015823367734573665 0.0003980517318703814
 0.0018332565169169607 0.0008288689112362001 0.000747219043619388
 0.0014156325995304275 0.0017769431417215802 0.0012019992783460698
 0.0027666325543475277 0.7919218969713117 0.0002055494897643786
 0.00020470002875982928 0.00209246482981473 0.0021192679365061302
 0.00014110249879000712 0.0013113340190180893 0.00011330260582078546
 0.0002286453928426338]",Not Removed
Validation Data,Pedestrian Total,Not Scaled,KNN,0.1,54255903.25289061,6054.557441152968,-2.081284187645652,RandomForest,NA,NA,Not Removed
Train,Pedestrian Total,Not Scaled,Pandas,0.1,108126.5333781223,216.13921267971372,0.9969743945717473,RandomForest,"{'n_estimators': 1000, 'max_features': 'auto', 'max_depth': 100, 'bootstrap': True}","[0.017251885914815 0.008728495396230959 0.009651927621654925
 0.005920799339877269 0.02910834419662925 0.003746262261140058
 0.0011645572633052872 0.00480253183654941 0.00044007423584622616
 0.0026175249182563936 0.001000983895246699 0.0008943951122040028
 0.0016924164515213903 0.0019228448662245115 0.0022329779425173083
 0.005975152330132987 0.8908892875459442 0.0002435699893343892
 0.00025033064601208264 0.004804143417019234 0.004973657951241378
 0.00019226639948313287 0.0010633516631721337 0.00015115619899044763
 0.0002810626066511241]",Not Removed
Test,Pedestrian Total,Not Scaled,Pandas,0.1,898462.7866427368,685.2573612535613,0.9263035942100487,RandomForest,"{'n_estimators': 1000, 'max_features': 'auto', 'max_depth': 100, 'bootstrap': True}","[0.017251885914815 0.008728495396230959 0.009651927621654925
 0.005920799339877269 0.02910834419662925 0.003746262261140058
 0.0011645572633052872 0.00480253183654941 0.00044007423584622616
 0.0026175249182563936 0.001000983895246699 0.0008943951122040028
 0.0016924164515213903 0.0019228448662245115 0.0022329779425173083
 0.005975152330132987 0.8908892875459442 0.0002435699893343892
 0.00025033064601208264 0.004804143417019234 0.004973657951241378
 0.00019226639948313287 0.0010633516631721337 0.00015115619899044763
 0.0002810626066511241]",Not Removed
Validation Data,Pedestrian Total,Not Scaled,Pandas,0.1,54426778.05868514,6071.6874196347035,-2.0909884558560177,RandomForest,NA,NA,Not Removed
Train,Pedestrian Total,Standard,KNN,0.5,129215.15619776359,233.36127708542563,0.9972438241717765,RandomForest,"{'n_estimators': 500, 'max_features': 'auto', 'max_depth': 20, 'bootstrap': True}","[0.018957633989425057 0.10875253276975502 0.03720334336443793
 0.0018088095886510116 0.014478957956216933 0.001947523551733901
 0.0008638145987484401 0.0016795372495390436 0.0004948963796482747
 0.003373436316001105 0.0009332570486002436 0.0008417500722510441
 0.0014647537059788193 0.0021487388237873607 0.001170652991432166
 0.00303835461029582 0.7909865871593748 0.0002037658800251308
 0.0002038632801076522 0.002588155213124085 0.0025829970162420846
 0.00016036034790830402 0.0035138945598956342 0.00013181269340277658
 0.0004705708334173455]",Not Removed
Test,Pedestrian Total,Standard,KNN,0.5,1168732.983746691,768.3126736471277,0.9086228157710945,RandomForest,"{'n_estimators': 500, 'max_features': 'auto', 'max_depth': 20, 'bootstrap': True}","[0.018957633989425057 0.10875253276975502 0.03720334336443793
 0.0018088095886510116 0.014478957956216933 0.001947523551733901
 0.0008638145987484401 0.0016795372495390436 0.0004948963796482747
 0.003373436316001105 0.0009332570486002436 0.0008417500722510441
 0.0014647537059788193 0.0021487388237873607 0.001170652991432166
 0.00303835461029582 0.7909865871593748 0.0002037658800251308
 0.0002038632801076522 0.002588155213124085 0.0025829970162420846
 0.00016036034790830402 0.0035138945598956342 0.00013181269340277658
 0.0004705708334173455]",Not Removed
Validation Data,Pedestrian Total,Standard,KNN,0.5,4134357.150366775,1458.2017418223875,0.7652028894602141,RandomForest,NA,NA,Not Removed
Train,Pedestrian Total,Standard,Pandas,0.5,128666.64081079708,229.92190834473325,0.9972555240752201,RandomForest,"{'n_estimators': 1000, 'max_features': 'auto', 'max_depth': 100, 'bootstrap': True}","[0.021192750538723645 0.10836963568570268 0.03682252358057081
 0.0019482595290339472 0.014276275095557728 0.0019058466163916754
 0.0009154855227689507 0.0016078366364173753 0.0004959644203383722
 0.003246044188939989 0.0009671515436251316 0.0008656906791930753
 0.0014965716740309493 0.002134604695990592 0.00125582267199929
 0.0030105701437016614 0.7895699166338485 0.00021039431033892492
 0.0002100817201695464 0.002546410093394833 0.0025460258010372135
 0.00016423831009472576 0.0036000009830937352 0.0001410554263236206
 0.000500843498713048]",Not Removed
Test,Pedestrian Total,Standard,Pandas,0.5,5230824.7351879645,1966.9236925444593,0.5910288815807196,RandomForest,"{'n_estimators': 1000, 'max_features': 'auto', 'max_depth': 100, 'bootstrap': True}","[0.021192750538723645 0.10836963568570268 0.03682252358057081
 0.0019482595290339472 0.014276275095557728 0.0019058466163916754
 0.0009154855227689507 0.0016078366364173753 0.0004959644203383722
 0.003246044188939989 0.0009671515436251316 0.0008656906791930753
 0.0014965716740309493 0.002134604695990592 0.00125582267199929
 0.0030105701437016614 0.7895699166338485 0.00021039431033892492
 0.0002100817201695464 0.002546410093394833 0.0025460258010372135
 0.00016423831009472576 0.0036000009830937352 0.0001410554263236206
 0.000500843498713048]",Not Removed
Validation Data,Pedestrian Total,Standard,Pandas,0.5,5562491.8234435,1877.2486539954336,0.6840967144239454,RandomForest,NA,NA,Not Removed
Train,Pedestrian Total,Standard,KNN,0.3,114656.47930990654,214.27272719869705,0.9971746938247902,RandomForest,"{'n_estimators': 500, 'max_features': 'auto', 'max_depth': 100, 'bootstrap': True}","[0.01338031096040332 0.09279086413471535 0.04197601790463552
 0.002236442954031416 0.017030727459659306 0.00226971070863936
 0.0009244700971768868 0.001827644082748454 0.0003991098680754078
 0.0022452790552359467 0.0008858540215797469 0.0007901921265351656
 0.001483003508583584 0.0019055933322217526 0.0012464208344791466
 0.0036539088414278445 0.8088382995058514 0.0002316077742655929
 0.00023131963541475284 0.0019316904408852023 0.0019743116744675806
 0.0002033788851277468 0.001126736907507469 0.0001712768926347729
 0.00024582839369735804]",Not Removed
Test,Pedestrian Total,Standard,KNN,0.3,508994.57997036923,495.0837416413374,0.9579644218951571,RandomForest,"{'n_estimators': 500, 'max_features': 'auto', 'max_depth': 100, 'bootstrap': True}","[0.01338031096040332 0.09279086413471535 0.04197601790463552
 0.002236442954031416 0.017030727459659306 0.00226971070863936
 0.0009244700971768868 0.001827644082748454 0.0003991098680754078
 0.0022452790552359467 0.0008858540215797469 0.0007901921265351656
 0.001483003508583584 0.0019055933322217526 0.0012464208344791466
 0.0036539088414278445 0.8088382995058514 0.0002316077742655929
 0.00023131963541475284 0.0019316904408852023 0.0019743116744675806
 0.0002033788851277468 0.001126736907507469 0.0001712768926347729
 0.00024582839369735804]",Not Removed
Validation Data,Pedestrian Total,Standard,KNN,0.3,4035350.4045425146,1398.9995657534248,0.7708256494197453,RandomForest,NA,NA,Not Removed
Train,Pedestrian Total,Standard,Pandas,0.3,135276.21461025224,239.54358384054305,0.996666592879899,RandomForest,"{'n_estimators': 50, 'max_features': 'auto', 'max_depth': 20, 'bootstrap': True}","[0.018521238917892494 0.009544027003723346 0.010744834289472066
 0.006981236751016534 0.031305008328820286 0.002770441087682483
 0.0009781446280865216 0.0027623587248093422 0.0004491187558088295
 0.002701808026000855 0.0009580715110752174 0.000801585940658318
 0.0015647266689406522 0.00185640836070755 0.0019022971960986597
 0.004609076964602753 0.891030282448631 0.00024280432431876878
 0.00026777883982835663 0.0038808746834503075 0.004244465912774218
 0.00015815741499982573 0.0012690760703605772 0.0002139946131401714
 0.00024218253710074048]",Not Removed
Test,Pedestrian Total,Standard,Pandas,0.3,978082.5999739743,705.995083967129,0.919224547486169,RandomForest,"{'n_estimators': 50, 'max_features': 'auto', 'max_depth': 20, 'bootstrap': True}","[0.018521238917892494 0.009544027003723346 0.010744834289472066
 0.006981236751016534 0.031305008328820286 0.002770441087682483
 0.0009781446280865216 0.0027623587248093422 0.0004491187558088295
 0.002701808026000855 0.0009580715110752174 0.000801585940658318
 0.0015647266689406522 0.00185640836070755 0.0019022971960986597
 0.004609076964602753 0.891030282448631 0.00024280432431876878
 0.00026777883982835663 0.0038808746834503075 0.004244465912774218
 0.00015815741499982573 0.0012690760703605772 0.0002139946131401714
 0.00024218253710074048]",Not Removed
Validation Data,Pedestrian Total,Standard,Pandas,0.3,4454858.219111844,1552.8536864478106,0.7470010935995011,RandomForest,NA,NA,Not Removed
Train,Pedestrian Total,Standard,KNN,0.1,102422.06799892965,197.2591329406549,0.9971340173847363,RandomForest,"{'n_estimators': 100, 'max_features': 'auto', 'max_depth': 100, 'bootstrap': True}","[0.024422231149666924 0.10112985505718404 0.04656554376946619
 0.001944239509013454 0.009620587735138832 0.0022053588792834418
 0.0009156393482948623 0.0015874908237203337 0.0004101484494550915
 0.001787096751489983 0.0008395743065267324 0.0007647132508111372
 0.0013480021410343312 0.0017178033616489093 0.0011684155895819576
 0.002746279564104171 0.7942278846489752 0.0001933538499205468
 0.00019493377765163924 0.0022066415176358913 0.0021131348888779084
 0.00014449150955255354 0.0013842644369469565 9.956141504396319e-05
 0.00026275426897495594]",Not Removed
Test,Pedestrian Total,Standard,KNN,0.1,357211.6542982906,413.84187464387463,0.970699715759586,RandomForest,"{'n_estimators': 100, 'max_features': 'auto', 'max_depth': 100, 'bootstrap': True}","[0.024422231149666924 0.10112985505718404 0.04656554376946619
 0.001944239509013454 0.009620587735138832 0.0022053588792834418
 0.0009156393482948623 0.0015874908237203337 0.0004101484494550915
 0.001787096751489983 0.0008395743065267324 0.0007647132508111372
 0.0013480021410343312 0.0017178033616489093 0.0011684155895819576
 0.002746279564104171 0.7942278846489752 0.0001933538499205468
 0.00019493377765163924 0.0022066415176358913 0.0021131348888779084
 0.00014449150955255354 0.0013842644369469565 9.956141504396319e-05
 0.00026275426897495594]",Not Removed
Validation Data,Pedestrian Total,Standard,KNN,0.1,3967887.895925856,1352.4448070776255,0.7746569589841721,RandomForest,NA,NA,Not Removed
Train,Pedestrian Total,Standard,Pandas,0.1,513870.8638623357,510.2530995571565,0.9856208238020016,RandomForest,"{'n_estimators': 50, 'max_features': 'auto', 'max_depth': 10, 'bootstrap': True}","[0.016807380525298794 0.008669891975713129 0.008865807130555094
 0.005335504822033992 0.02839688674166817 0.0027393150494017136
 0.000556063119775999 0.0037115013891640147 0.00022563838972798243
 0.001777632857756258 0.000379040007431538 0.00043027414102223086
 0.0008720690630189401 0.0009078989158148462 0.0013542214486432463
 0.0045228601404470594 0.9035676017671339 0.0001152471981456902
 0.00010715692989261641 0.004688980838679846 0.00464635870565059
 6.137891866859639e-05 0.0010158420961903407 5.942491110076051e-05
 0.00018602291706477204]",Not Removed
Test,Pedestrian Total,Standard,Pandas,0.1,1023409.6985268502,726.4633241724811,0.9160548243585774,RandomForest,"{'n_estimators': 50, 'max_features': 'auto', 'max_depth': 10, 'bootstrap': True}","[0.016807380525298794 0.008669891975713129 0.008865807130555094
 0.005335504822033992 0.02839688674166817 0.0027393150494017136
 0.000556063119775999 0.0037115013891640147 0.00022563838972798243
 0.001777632857756258 0.000379040007431538 0.00043027414102223086
 0.0008720690630189401 0.0009078989158148462 0.0013542214486432463
 0.0045228601404470594 0.9035676017671339 0.0001152471981456902
 0.00010715692989261641 0.004688980838679846 0.00464635870565059
 6.137891866859639e-05 0.0010158420961903407 5.942491110076051e-05
 0.00018602291706477204]",Not Removed
Validation Data,Pedestrian Total,Standard,Pandas,0.1,4415000.947385413,1529.7827875163816,0.7492646552355671,RandomForest,NA,NA,Not Removed
Train,Pedestrian Total,Not Scaled,KNN,0.5,993533.5117637826,691.084352630918,0.956162339241191,KNN,"{'p': 1, 'n_neighbors': 20, 'leaf_size': 20}",Not Available,Removed
Test,Pedestrian Total,Not Scaled,KNN,0.5,507208.570585447,526.2050791059769,0.9573233197234398,KNN,"{'p': 1, 'n_neighbors': 20, 'leaf_size': 20}",Not Available,Removed
Validation Data,Pedestrian Total,Not Scaled,KNN,0.5,52362871.28591642,5908.722220923437,-2.0005794399758177,KNN,NA,NA,Removed
Train,Pedestrian Total,Not Scaled,Pandas,0.5,1160387.916957456,757.3104650676044,0.9488002254076999,KNN,"{'p': 1, 'n_neighbors': 30, 'leaf_size': 30}",Not Available,Removed
Test,Pedestrian Total,Not Scaled,Pandas,0.5,1583326.9580868073,945.1267244265863,0.866778397917182,KNN,"{'p': 1, 'n_neighbors': 30, 'leaf_size': 30}",Not Available,Removed
Validation Data,Pedestrian Total,Not Scaled,Pandas,0.5,52145145.667007595,5890.248988895383,-1.9881029848156984,KNN,NA,NA,Removed
Train,Pedestrian Total,Not Scaled,KNN,0.3,682668.6379216003,551.6265966989595,0.9679486709899912,KNN,"{'p': 1, 'n_neighbors': 10, 'leaf_size': 30}",Not Available,Removed
Test,Pedestrian Total,Not Scaled,KNN,0.3,446536.62556183303,477.7973216154007,0.9618273698476142,KNN,"{'p': 1, 'n_neighbors': 10, 'leaf_size': 30}",Not Available,Removed
Validation Data,Pedestrian Total,Not Scaled,KNN,0.3,53433442.94113384,5998.574564582115,-2.0619270173484563,KNN,NA,NA,Removed
Train,Pedestrian Total,Not Scaled,Pandas,0.3,818739.3725897021,616.4560369573018,0.9615601427301331,KNN,"{'p': 1, 'n_neighbors': 10, 'leaf_size': 40}",Not Available,Removed
Test,Pedestrian Total,Not Scaled,Pandas,0.3,1475751.4241096464,868.2826532747437,0.8738439131649826,KNN,"{'p': 1, 'n_neighbors': 10, 'leaf_size': 40}",Not Available,Removed
Validation Data,Pedestrian Total,Not Scaled,Pandas,0.3,52449988.12849678,5915.115406195208,-2.005571546029264,KNN,NA,NA,Removed
Train,Pedestrian Total,Not Scaled,KNN,0.1,585577.9924054694,501.7607646155993,0.970173200926338,KNN,"{'p': 1, 'n_neighbors': 10, 'leaf_size': 20}",Not Available,Removed
Test,Pedestrian Total,Not Scaled,KNN,0.1,403830.95671688643,460.0398618957941,0.966995106392507,KNN,"{'p': 1, 'n_neighbors': 10, 'leaf_size': 20}",Not Available,Removed
Validation Data,Pedestrian Total,Not Scaled,KNN,0.1,53502463.06514903,6003.818690824079,-2.0658821168297994,KNN,NA,NA,Removed
Train,Pedestrian Total,Not Scaled,Pandas,0.1,912644.9125023641,660.8359006557833,0.9535138328560012,KNN,"{'p': 1, 'n_neighbors': 15, 'leaf_size': 20}",Not Available,Removed
Test,Pedestrian Total,Not Scaled,Pandas,0.1,1371074.8839422474,835.5390249006067,0.8879427643677532,KNN,"{'p': 1, 'n_neighbors': 15, 'leaf_size': 20}",Not Available,Removed
Validation Data,Pedestrian Total,Not Scaled,Pandas,0.1,52363278.452745244,5908.703572959283,-2.0006027720885378,KNN,NA,NA,Removed
Train,Pedestrian Total,Standard,KNN,0.5,1443976.264268806,855.2435074720584,0.9362874620057725,KNN,"{'p': 2, 'n_neighbors': 20, 'leaf_size': 20}",Not Available,Removed
Test,Pedestrian Total,Standard,KNN,0.5,7405479.619272664,2101.7654633350076,0.37690073801101065,KNN,"{'p': 2, 'n_neighbors': 20, 'leaf_size': 20}",Not Available,Removed
Validation Data,Pedestrian Total,Standard,KNN,0.5,5669196.935260081,1770.980911747516,0.6751347787589604,KNN,NA,NA,Removed
Train,Pedestrian Total,Standard,Pandas,0.5,1503578.1316024112,867.2928795680019,0.9336576499160688,KNN,"{'p': 2, 'n_neighbors': 20, 'leaf_size': 30}",Not Available,Removed
Test,Pedestrian Total,Standard,Pandas,0.5,13799949.48173594,3090.1736690105477,-0.16113186176043137,KNN,"{'p': 2, 'n_neighbors': 20, 'leaf_size': 30}",Not Available,Removed
Validation Data,Pedestrian Total,Standard,Pandas,0.5,6013121.182182058,1913.9922326125072,0.6554266917331673,KNN,NA,NA,Removed
Train,Pedestrian Total,Standard,KNN,0.3,1096452.3778471474,740.3874058127018,0.9485215023013531,KNN,"{'p': 2, 'n_neighbors': 10, 'leaf_size': 50}",Not Available,Removed
Test,Pedestrian Total,Standard,KNN,0.3,4173766.756942875,1611.260577526679,0.6432013733371992,KNN,"{'p': 2, 'n_neighbors': 10, 'leaf_size': 50}",Not Available,Removed
Validation Data,Pedestrian Total,Standard,KNN,0.3,3934288.6986253653,1412.483483343074,0.7745512136726618,KNN,NA,NA,Removed
Train,Pedestrian Total,Standard,Pandas,0.3,833823.1764190886,634.021528525296,0.9608519573347559,KNN,"{'p': 1, 'n_neighbors': 5, 'leaf_size': 20}",Not Available,Removed
Test,Pedestrian Total,Standard,Pandas,0.3,5902939.550257376,1924.8791378949568,0.4953813072324038,KNN,"{'p': 1, 'n_neighbors': 5, 'leaf_size': 20}",Not Available,Removed
Validation Data,Pedestrian Total,Standard,Pandas,0.3,4904889.234365867,1632.468684979544,0.7189323383044621,KNN,NA,NA,Removed
Train,Pedestrian Total,Standard,KNN,0.1,983125.2563408678,676.7626831310172,0.9499238703205615,KNN,"{'p': 1, 'n_neighbors': 10, 'leaf_size': 30}",Not Available,Removed
Test,Pedestrian Total,Standard,KNN,0.1,1355737.8338794727,892.3985561833019,0.8891962534753987,KNN,"{'p': 1, 'n_neighbors': 10, 'leaf_size': 30}",Not Available,Removed
Validation Data,Pedestrian Total,Standard,KNN,0.1,4126634.895906488,1370.6076680303916,0.763529089966575,KNN,NA,NA,Removed
Train,Pedestrian Total,Standard,Pandas,0.1,2076073.7380060616,978.5496930375332,0.8942538226355738,KNN,"{'p': 1, 'n_neighbors': 30, 'leaf_size': 50}",Not Available,Removed
Test,Pedestrian Total,Standard,Pandas,0.1,3390063.997518309,1348.853232893911,0.7229318364537213,KNN,"{'p': 1, 'n_neighbors': 30, 'leaf_size': 50}",Not Available,Removed
Validation Data,Pedestrian Total,Standard,Pandas,0.1,4504946.93070602,1498.4137892070914,0.741850459944233,KNN,NA,NA,Removed
Train,Pedestrian Total,Not Scaled,KNN,0.5,1397729.929911221,871.1085302105881,0.9383279881610576,Ridge,"{'normalize': True, 'alpha': 0.001}",Not Available,Removed
Test,Pedestrian Total,Not Scaled,KNN,0.5,915249.7327457657,746.3347208650911,0.9229906147435298,Ridge,"{'normalize': True, 'alpha': 0.001}",Not Available,Removed
Validation Data,Pedestrian Total,Not Scaled,KNN,0.5,20960668.688939013,3393.4901737252444,-0.20112113739437665,Ridge,NA,NA,Removed
Train,Pedestrian Total,Not Scaled,Pandas,0.5,1443520.3941052607,889.0146842688849,0.9363075763565648,Ridge,"{'normalize': True, 'alpha': 0.001}",Not Available,Removed
Test,Pedestrian Total,Not Scaled,Pandas,0.5,2274361.802082694,1260.3127995606578,0.8086345202158748,Ridge,"{'normalize': True, 'alpha': 0.001}",Not Available,Removed
Validation Data,Pedestrian Total,Not Scaled,Pandas,0.5,16901683.072396602,3220.1784934179454,0.03147322744960168,Ridge,NA,NA,Removed
Train,Pedestrian Total,Not Scaled,KNN,0.3,1207049.768609084,794.8040339636582,0.9433289488983558,Ridge,"{'normalize': False, 'alpha': 10}",Not Available,Removed
Test,Pedestrian Total,Not Scaled,KNN,0.3,765746.5489394561,671.786860696271,0.9345393902093613,Ridge,"{'normalize': False, 'alpha': 10}",Not Available,Removed
Validation Data,Pedestrian Total,Not Scaled,KNN,0.3,25665919.12553746,3724.923420209497,-0.47074878334418657,Ridge,NA,NA,Removed
Train,Pedestrian Total,Not Scaled,Pandas,0.3,1385127.0688541117,867.7971298823174,0.9349682101411977,Ridge,"{'normalize': False, 'alpha': 10}",Not Available,Removed
Test,Pedestrian Total,Not Scaled,Pandas,0.3,1684209.9525450396,1006.8860157260796,0.8560236273193079,Ridge,"{'normalize': False, 'alpha': 10}",Not Available,Removed
Validation Data,Pedestrian Total,Not Scaled,Pandas,0.3,19957646.139072936,3373.0465292586828,-0.1436443648826724,Ridge,NA,NA,Removed
Train,Pedestrian Total,Not Scaled,KNN,0.1,1092981.3394239058,752.8051444576417,0.9443282786835239,Ridge,"{'normalize': False, 'alpha': 10}",Not Available,Removed
Test,Pedestrian Total,Not Scaled,KNN,0.1,710973.7889837178,634.7314189470784,0.9418924828004831,Ridge,"{'normalize': False, 'alpha': 10}",Not Available,Removed
Validation Data,Pedestrian Total,Not Scaled,KNN,0.1,24143892.41339842,3630.141723138412,-0.3835312196891787,Ridge,NA,NA,Removed
Train,Pedestrian Total,Not Scaled,Pandas,0.1,1389132.758917379,880.836701504302,0.9292436119112534,Ridge,"{'normalize': False, 'alpha': 10}",Not Available,Removed
Test,Pedestrian Total,Not Scaled,Pandas,0.1,1674000.3561290752,935.1203123597513,0.8631848234168935,Ridge,"{'normalize': False, 'alpha': 10}",Not Available,Removed
Validation Data,Pedestrian Total,Not Scaled,Pandas,0.1,17514213.927072324,3262.094082222621,-0.0036269770226675657,Ridge,NA,NA,Removed
Train,Pedestrian Total,Standard,KNN,0.5,1397954.1553744592,871.2321693353736,0.9383180946650914,Ridge,"{'normalize': False, 'alpha': 10}",Not Available,Removed
Test,Pedestrian Total,Standard,KNN,0.5,913730.4994234717,745.9402370079717,0.9231184434879972,Ridge,"{'normalize': False, 'alpha': 10}",Not Available,Removed
Validation Data,Pedestrian Total,Standard,KNN,0.5,1643702.7964251954,925.8352010632567,0.9058099623786152,Ridge,NA,NA,Removed
Train,Pedestrian Total,Standard,Pandas,0.5,1443762.5755067337,889.188076468406,0.9362968905910681,Ridge,"{'normalize': False, 'alpha': 10}",Not Available,Removed
Test,Pedestrian Total,Standard,Pandas,0.5,2275207.9718973264,1260.8386735012955,0.808563323235514,Ridge,"{'normalize': False, 'alpha': 10}",Not Available,Removed
Validation Data,Pedestrian Total,Standard,Pandas,0.5,2191511.0142180393,1084.536367679254,0.8744185960346327,Ridge,NA,NA,Removed
Train,Pedestrian Total,Standard,KNN,0.3,1207177.99910137,794.7203839383108,0.9433229284698945,Ridge,"{'normalize': False, 'alpha': 10}",Not Available,Removed
Test,Pedestrian Total,Standard,KNN,0.3,761612.5492148149,669.9479868750111,0.9348927893114848,Ridge,"{'normalize': False, 'alpha': 10}",Not Available,Removed
Validation Data,Pedestrian Total,Standard,KNN,0.3,1783396.186973567,969.6088845931288,0.8978050324485658,Ridge,NA,NA,Removed
Train,Pedestrian Total,Standard,Pandas,0.3,1385125.9463426417,867.7579726371154,0.9349682628431711,Ridge,"{'normalize': False, 'alpha': 0.001}",Not Available,Removed
Test,Pedestrian Total,Standard,Pandas,0.3,1684570.3198010447,1006.9874663321941,0.855992820963916,Ridge,"{'normalize': False, 'alpha': 0.001}",Not Available,Removed
Validation Data,Pedestrian Total,Standard,Pandas,0.3,2238894.2473034663,1105.9721168461315,0.8717033676389364,Ridge,NA,NA,Removed
Train,Pedestrian Total,Standard,KNN,0.1,1092982.0334587423,752.8032723736354,0.9443282433324043,Ridge,"{'normalize': False, 'alpha': 1}",Not Available,Removed
Test,Pedestrian Total,Standard,KNN,0.1,710863.4744515124,634.6828648230526,0.9419014987497021,Ridge,"{'normalize': False, 'alpha': 1}",Not Available,Removed
Validation Data,Pedestrian Total,Standard,KNN,0.1,1855497.790585925,989.3411710754701,0.8936733531866091,Ridge,NA,NA,Removed
Train,Pedestrian Total,Standard,Pandas,0.1,1389246.0871810527,880.9573073771872,0.9292378394618208,Ridge,"{'normalize': False, 'alpha': 5}",Not Available,Removed
Test,Pedestrian Total,Standard,Pandas,0.1,1675438.882026667,935.4375273642378,0.8630672534450725,Ridge,"{'normalize': False, 'alpha': 5}",Not Available,Removed
Validation Data,Pedestrian Total,Standard,Pandas,0.1,2127629.8497727616,1098.6402143406808,0.8780792147885124,Ridge,NA,NA,Removed
Train,Pedestrian Total,Not Scaled,KNN,0.5,85664.86932416042,203.3192275925785,0.9962202105556425,RandomForest,"{'n_estimators': 1000, 'max_features': 'auto', 'max_depth': 20, 'bootstrap': True}","[0.10139779363647225 0.023524156826478404 0.045897382410078284
 0.0018394946166430024 0.008783565440521472 0.0024460474613756476
 0.0009680194860549651 0.0015756696850431926 0.0005500299759531781
 0.008838975454386094 0.0012063735675315213 0.0010902720464852438
 0.001921661730826705 0.0019877894487285563 0.0013419133720453935
 0.006262793423941232 0.768258521322678 0.0003879282225381219
 0.0003986128028286819 0.006131798807364508 0.006318876005389596
 0.00029612545821392844 0.00738121570961468 0.0002718882165018024
 0.0009230948723054457]",Removed
Test,Pedestrian Total,Not Scaled,KNN,0.5,951042.3413098833,677.1082837164129,0.9199790139927938,RandomForest,"{'n_estimators': 1000, 'max_features': 'auto', 'max_depth': 20, 'bootstrap': True}","[0.10139779363647225 0.023524156826478404 0.045897382410078284
 0.0018394946166430024 0.008783565440521472 0.0024460474613756476
 0.0009680194860549651 0.0015756696850431926 0.0005500299759531781
 0.008838975454386094 0.0012063735675315213 0.0010902720464852438
 0.001921661730826705 0.0019877894487285563 0.0013419133720453935
 0.006262793423941232 0.768258521322678 0.0003879282225381219
 0.0003986128028286819 0.006131798807364508 0.006318876005389596
 0.00029612545821392844 0.00738121570961468 0.0002718882165018024
 0.0009230948723054457]",Removed
Validation Data,Pedestrian Total,Not Scaled,KNN,0.5,51195016.114963606,5824.738648778642,-1.9336571698868403,RandomForest,NA,NA,Removed
Train,Pedestrian Total,Not Scaled,Pandas,0.5,97789.42261364992,214.16775935578846,0.995685239115159,RandomForest,"{'n_estimators': 50, 'max_features': 'auto', 'max_depth': 20, 'bootstrap': True}","[0.09684864868915218 0.013433068558652375 0.028183159332773895
 0.0025192124721310437 0.01701900501386681 0.0027355142073818566
 0.001074804254497667 0.0020396003101772506 0.0006228242423480308
 0.008333225311928443 0.0012794154231499822 0.0011419881327225487
 0.0020820479655189517 0.0023033105899780562 0.0015674624720856056
 0.006671605896856192 0.7885314993820244 0.00046435119668059683
 0.0005342076243572413 0.006959948588046321 0.006652446769907819
 0.0002776965482163341 0.007428108776113415 0.00023607740722436546
 0.0010607708342087305]",Removed
Test,Pedestrian Total,Not Scaled,Pandas,0.5,1618011.325049612,920.6331278291367,0.863860044945035,RandomForest,"{'n_estimators': 50, 'max_features': 'auto', 'max_depth': 20, 'bootstrap': True}","[0.09684864868915218 0.013433068558652375 0.028183159332773895
 0.0025192124721310437 0.01701900501386681 0.0027355142073818566
 0.001074804254497667 0.0020396003101772506 0.0006228242423480308
 0.008333225311928443 0.0012794154231499822 0.0011419881327225487
 0.0020820479655189517 0.0023033105899780562 0.0015674624720856056
 0.006671605896856192 0.7885314993820244 0.00046435119668059683
 0.0005342076243572413 0.006959948588046321 0.006652446769907819
 0.0002776965482163341 0.007428108776113415 0.00023607740722436546
 0.0010607708342087305]",Removed
Validation Data,Pedestrian Total,Not Scaled,Pandas,0.5,50603721.56314395,5774.003767387492,-1.8997738813736498,RandomForest,NA,NA,Removed
Train,Pedestrian Total,Not Scaled,KNN,0.3,78368.25217335914,189.19894575468507,0.9963206063750124,RandomForest,"{'n_estimators': 2000, 'max_features': 'auto', 'max_depth': 20, 'bootstrap': True}","[0.04448765515569192 0.037944542630784235 0.039281246884881896
 0.0020967921217315867 0.00784171485970332 0.0034968142281881424
 0.0009066842734937213 0.0015863046253540914 0.00042601586903992836
 0.004069564830834004 0.0011753358865859165 0.001049136683415809
 0.0019634216441858704 0.0018758825660933913 0.001276118697698629
 0.005490043397838725 0.8276884896347314 0.00034656445417842913
 0.0003415350219087138 0.006566413594977704 0.006256480049413934
 0.0003202775671348835 0.0029281286960004607 0.0002739599255151792
 0.0003108767006182228]",Removed
Test,Pedestrian Total,Not Scaled,KNN,0.3,468464.9795367288,477.1868103740268,0.9599528025708961,RandomForest,"{'n_estimators': 2000, 'max_features': 'auto', 'max_depth': 20, 'bootstrap': True}","[0.04448765515569192 0.037944542630784235 0.039281246884881896
 0.0020967921217315867 0.00784171485970332 0.0034968142281881424
 0.0009066842734937213 0.0015863046253540914 0.00042601586903992836
 0.004069564830834004 0.0011753358865859165 0.001049136683415809
 0.0019634216441858704 0.0018758825660933913 0.001276118697698629
 0.005490043397838725 0.8276884896347314 0.00034656445417842913
 0.0003415350219087138 0.006566413594977704 0.006256480049413934
 0.0003202775671348835 0.0029281286960004607 0.0002739599255151792
 0.0003108767006182228]",Removed
Validation Data,Pedestrian Total,Not Scaled,KNN,0.3,52825049.792322055,5951.423096392913,-2.0270639181922077,RandomForest,NA,NA,Removed
Train,Pedestrian Total,Not Scaled,Pandas,0.3,90017.1766420671,205.07925170434154,0.9957736887490672,RandomForest,"{'n_estimators': 500, 'max_features': 'auto', 'max_depth': 100, 'bootstrap': True}","[0.051334000038102526 0.01023879837648473 0.008258707053188987
 0.006957815999524526 0.031021994277327495 0.004852169653835628
 0.001279977858921518 0.002657620618669476 0.0004993038257253102
 0.006135997734050474 0.0012627603965776513 0.0011373592662808879
 0.002096658543624298 0.002157102853739073 0.0020618007529617185
 0.008482110022342077 0.8463824381402867 0.00045139931264472473
 0.0004549654743239783 0.004922245360183037 0.005013625755794848
 0.00026041504155811503 0.0014532506167368136 0.0002540504660130906
 0.00037343256110223047]",Removed
Test,Pedestrian Total,Not Scaled,Pandas,0.3,972323.8344494731,705.0917614563716,0.9168799242971619,RandomForest,"{'n_estimators': 500, 'max_features': 'auto', 'max_depth': 100, 'bootstrap': True}","[0.051334000038102526 0.01023879837648473 0.008258707053188987
 0.006957815999524526 0.031021994277327495 0.004852169653835628
 0.001279977858921518 0.002657620618669476 0.0004993038257253102
 0.006135997734050474 0.0012627603965776513 0.0011373592662808879
 0.002096658543624298 0.002157102853739073 0.0020618007529617185
 0.008482110022342077 0.8463824381402867 0.00045139931264472473
 0.0004549654743239783 0.004922245360183037 0.005013625755794848
 0.00026041504155811503 0.0014532506167368136 0.0002540504660130906
 0.00037343256110223047]",Removed
Validation Data,Pedestrian Total,Not Scaled,Pandas,0.3,52692910.498014934,5942.297399415546,-2.019491864941997,RandomForest,NA,NA,Removed
Train,Pedestrian Total,Not Scaled,KNN,0.1,74512.79170268046,180.46358099877816,0.9962046420880609,RandomForest,"{'n_estimators': 100, 'max_features': 'auto', 'max_depth': 20, 'bootstrap': True}","[0.0395436384641622 0.05410433730497362 0.07801715241618871
 0.00220052049842989 0.00449558318410536 0.003648765664645205
 0.0009566155059392903 0.0015423518682316068 0.00037327915470893296
 0.0023967854469585837 0.0010613167790806957 0.000978175945936339
 0.0019501318152339519 0.001858727547113223 0.0013074457476761965
 0.0048716894822888115 0.7871728277783598 0.0003248726947189883
 0.0003412484993991002 0.004552572415669957 0.004035726600266132
 0.00024757376068389994 0.003632260660805101 0.0001644499986199682
 0.00022195076580444175]",Removed
Test,Pedestrian Total,Not Scaled,KNN,0.1,315065.4345271407,386.5633730184353,0.9742498662546639,RandomForest,"{'n_estimators': 100, 'max_features': 'auto', 'max_depth': 20, 'bootstrap': True}","[0.0395436384641622 0.05410433730497362 0.07801715241618871
 0.00220052049842989 0.00449558318410536 0.003648765664645205
 0.0009566155059392903 0.0015423518682316068 0.00037327915470893296
 0.0023967854469585837 0.0010613167790806957 0.000978175945936339
 0.0019501318152339519 0.001858727547113223 0.0013074457476761965
 0.0048716894822888115 0.7871728277783598 0.0003248726947189883
 0.0003412484993991002 0.004552572415669957 0.004035726600266132
 0.00024757376068389994 0.003632260660805101 0.0001644499986199682
 0.00022195076580444175]",Removed
Validation Data,Pedestrian Total,Not Scaled,KNN,0.1,52860500.15739896,5950.929287077032,-2.0290953506552705,RandomForest,NA,NA,Removed
Train,Pedestrian Total,Not Scaled,Pandas,0.1,89814.58022527267,209.36778880486088,0.9954252354545292,RandomForest,"{'n_estimators': 1000, 'max_features': 'auto', 'max_depth': 20, 'bootstrap': True}","[0.04384345012524402 0.008562120341654425 0.006665681807314948
 0.006431477541934553 0.03394066857100738 0.006496830951780458
 0.0015905952770948904 0.003715104986538469 0.0005181863012611202
 0.004665147963122674 0.0013771535741067653 0.0012524158232828468
 0.002484934740496104 0.0022657550726628358 0.003173237996649007
 0.010683032182070964 0.8484090836245194 0.00043642557084086784
 0.0004385831133834994 0.0052275505771314955 0.005455247071643042
 0.0003299365896063809 0.0014263484215233375 0.0002677415628858305
 0.0003432902122447181]",Removed
Test,Pedestrian Total,Not Scaled,Pandas,0.1,920078.4515529426,693.237432651211,0.9248024677183396,RandomForest,"{'n_estimators': 1000, 'max_features': 'auto', 'max_depth': 20, 'bootstrap': True}","[0.04384345012524402 0.008562120341654425 0.006665681807314948
 0.006431477541934553 0.03394066857100738 0.006496830951780458
 0.0015905952770948904 0.003715104986538469 0.0005181863012611202
 0.004665147963122674 0.0013771535741067653 0.0012524158232828468
 0.002484934740496104 0.0022657550726628358 0.003173237996649007
 0.010683032182070964 0.8484090836245194 0.00043642557084086784
 0.0004385831133834994 0.0052275505771314955 0.005455247071643042
 0.0003299365896063809 0.0014263484215233375 0.0002677415628858305
 0.0003432902122447181]",Removed
Validation Data,Pedestrian Total,Not Scaled,Pandas,0.1,53068178.980130345,5970.453214281261,-2.0409960885312275,RandomForest,NA,NA,Removed
Train,Pedestrian Total,Standard,KNN,0.5,84993.55323223687,203.3365310563686,0.9962498310231468,RandomForest,"{'n_estimators': 500, 'max_features': 'auto', 'max_depth': 20, 'bootstrap': True}","[0.10257796881674695 0.02196520824514748 0.04613670562693438
 0.0018143856602712638 0.008543509895774888 0.0024889125126157535
 0.0009640668157947586 0.0015671333083274413 0.000553929620486352
 0.00883633707300514 0.0012561598080576557 0.0010665976175596968
 0.0019251521988337835 0.001999877815403586 0.0013336463918270129
 0.006102376105944262 0.7686833243426829 0.0004012438802627918
 0.00038776911645693095 0.0061300095157108755 0.006305600367100844
 0.00028452643004292267 0.0075463785146451514 0.00025412294566232044
 0.0008750573747047044]",Removed
Test,Pedestrian Total,Standard,KNN,0.5,959676.1009306615,680.0158325049736,0.9192525668854522,RandomForest,"{'n_estimators': 500, 'max_features': 'auto', 'max_depth': 20, 'bootstrap': True}","[0.10257796881674695 0.02196520824514748 0.04613670562693438
 0.0018143856602712638 0.008543509895774888 0.0024889125126157535
 0.0009640668157947586 0.0015671333083274413 0.000553929620486352
 0.00883633707300514 0.0012561598080576557 0.0010665976175596968
 0.0019251521988337835 0.001999877815403586 0.0013336463918270129
 0.006102376105944262 0.7686833243426829 0.0004012438802627918
 0.00038776911645693095 0.0061300095157108755 0.006305600367100844
 0.00028452643004292267 0.0075463785146451514 0.00025412294566232044
 0.0008750573747047044]",Removed
Validation Data,Pedestrian Total,Standard,KNN,0.5,1841734.0383644358,975.4339509106289,0.8944620653201973,RandomForest,NA,NA,Removed
Train,Pedestrian Total,Standard,Pandas,0.5,88761.48630427865,207.8682738493433,0.9960835785819172,RandomForest,"{'n_estimators': 2000, 'max_features': 'auto', 'max_depth': 20, 'bootstrap': True}","[0.10008530249148287 0.013168679563375075 0.02716065389055697
 0.0025087211018697837 0.015775002008133775 0.0026646754458083287
 0.0010627487438403978 0.0020334188382020377 0.0005791006240830987
 0.008857696142500725 0.001275806218206232 0.001160076087080089
 0.002007204857279106 0.0022361979645664884 0.0016153830694274989
 0.006864872388782778 0.7882717978472761 0.00048735320609263465
 0.00048345818594103474 0.00700398243634951 0.0065887606221483545
 0.00029703033595372257 0.0065091007523361225 0.00026195544337966964
 0.0010410217353276166]",Removed
Test,Pedestrian Total,Standard,Pandas,0.5,1569209.5151304626,909.5281266402318,0.8679662437745087,RandomForest,"{'n_estimators': 2000, 'max_features': 'auto', 'max_depth': 20, 'bootstrap': True}","[0.10008530249148287 0.013168679563375075 0.02716065389055697
 0.0025087211018697837 0.015775002008133775 0.0026646754458083287
 0.0010627487438403978 0.0020334188382020377 0.0005791006240830987
 0.008857696142500725 0.001275806218206232 0.001160076087080089
 0.002007204857279106 0.0022361979645664884 0.0016153830694274989
 0.006864872388782778 0.7882717978472761 0.00048735320609263465
 0.00048345818594103474 0.00700398243634951 0.0065887606221483545
 0.00029703033595372257 0.0065091007523361225 0.00026195544337966964
 0.0010410217353276166]",Removed
Validation Data,Pedestrian Total,Standard,Pandas,0.5,2042869.199778971,1057.3994569841275,0.8829363025960475,RandomForest,NA,NA,Removed
Train,Pedestrian Total,Standard,KNN,0.3,78414.67419599426,187.72813168281306,0.9963184268585704,RandomForest,"{'n_estimators': 500, 'max_features': 'auto', 'max_depth': 100, 'bootstrap': True}","[0.044214858973694524 0.03865207963976325 0.03891413291466184
 0.002075395065501114 0.0077269829431895936 0.0033841228816679563
 0.0009037213652528509 0.0015855755205600587 0.00041285007983637555
 0.00413449793169462 0.0011758952064590713 0.0010476921854999364
 0.0019550498613635585 0.0018708519743675677 0.0012925944611355275
 0.005458350312281576 0.8278953562381987 0.0003340336253758563
 0.00033749497402469996 0.006474099563375693 0.006387288230213994
 0.0003182476182065458 0.0028716348700211043 0.00026544975852803526
 0.00031174380512598]",Removed
Test,Pedestrian Total,Standard,KNN,0.3,469886.8575913756,478.3988901443817,0.9598312519029447,RandomForest,"{'n_estimators': 500, 'max_features': 'auto', 'max_depth': 100, 'bootstrap': True}","[0.044214858973694524 0.03865207963976325 0.03891413291466184
 0.002075395065501114 0.0077269829431895936 0.0033841228816679563
 0.0009037213652528509 0.0015855755205600587 0.00041285007983637555
 0.00413449793169462 0.0011758952064590713 0.0010476921854999364
 0.0019550498613635585 0.0018708519743675677 0.0012925944611355275
 0.005458350312281576 0.8278953562381987 0.0003340336253758563
 0.00033749497402469996 0.006474099563375693 0.006387288230213994
 0.0003182476182065458 0.0028716348700211043 0.00026544975852803526
 0.00031174380512598]",Removed
Validation Data,Pedestrian Total,Standard,KNN,0.3,1719218.6339693593,946.6148383401519,0.9014826353248653,RandomForest,NA,NA,Removed
Train,Pedestrian Total,Standard,Pandas,0.3,89912.11706277754,205.25696286329386,0.9957786213019258,RandomForest,"{'n_estimators': 1000, 'max_features': 'auto', 'max_depth': 100, 'bootstrap': True}","[0.05165791989665819 0.01032869460096725 0.008139045468486872
 0.006965143088487358 0.030557208990534133 0.004883699574147026
 0.001272195116603807 0.0026587107257740605 0.0004946115735601617
 0.006168417576976565 0.0012870038943421898 0.0011399106940128835
 0.0020607165399300588 0.0021517435008189126 0.002069825425840604
 0.008499259751945832 0.8465164016544097 0.0004595920586968378
 0.0004612598967525167 0.0049478065923142045 0.004876195801690581
 0.00028008586658125257 0.0014504183374868982 0.000262330398974844
 0.0004118029740072585]",Removed
Test,Pedestrian Total,Standard,Pandas,0.3,973437.601758912,704.5879684034317,0.9167847127844992,RandomForest,"{'n_estimators': 1000, 'max_features': 'auto', 'max_depth': 100, 'bootstrap': True}","[0.05165791989665819 0.01032869460096725 0.008139045468486872
 0.006965143088487358 0.030557208990534133 0.004883699574147026
 0.001272195116603807 0.0026587107257740605 0.0004946115735601617
 0.006168417576976565 0.0012870038943421898 0.0011399106940128835
 0.0020607165399300588 0.0021517435008189126 0.002069825425840604
 0.008499259751945832 0.8465164016544097 0.0004595920586968378
 0.0004612598967525167 0.0049478065923142045 0.004876195801690581
 0.00028008586658125257 0.0014504183374868982 0.000262330398974844
 0.0004118029740072585]",Removed
Validation Data,Pedestrian Total,Standard,Pandas,0.3,1864037.803997265,1023.8520172998246,0.893183979933579,RandomForest,NA,NA,Removed
Train,Pedestrian Total,Standard,KNN,0.1,70464.85751935498,177.1455243949532,0.9964108262703822,RandomForest,"{'n_estimators': 2000, 'max_features': 'auto', 'max_depth': 20, 'bootstrap': True}","[0.040650821968278066 0.05266848040580621 0.08082916893467933
 0.0021363730447950414 0.004473117190040639 0.003700581752851976
 0.000947219575090137 0.0015265341879706442 0.000383643025124926
 0.0023629198463598327 0.0010566675811692775 0.0009498612287775517
 0.002019809795099487 0.0018395414442355295 0.0013216938174291475
 0.004823588726298767 0.7848103993923357 0.0003229861840902072
 0.00033426939234634204 0.00421462153425582 0.004294024412738355
 0.00024406467242435776 0.0036813160411403503 0.00017790499978885167
 0.0002303908468734671]",Removed
Test,Pedestrian Total,Standard,KNN,0.1,317874.13517368934,388.1001642809372,0.9740203126147738,RandomForest,"{'n_estimators': 2000, 'max_features': 'auto', 'max_depth': 20, 'bootstrap': True}","[0.040650821968278066 0.05266848040580621 0.08082916893467933
 0.0021363730447950414 0.004473117190040639 0.003700581752851976
 0.000947219575090137 0.0015265341879706442 0.000383643025124926
 0.0023629198463598327 0.0010566675811692775 0.0009498612287775517
 0.002019809795099487 0.0018395414442355295 0.0013216938174291475
 0.004823588726298767 0.7848103993923357 0.0003229861840902072
 0.00033426939234634204 0.00421462153425582 0.004294024412738355
 0.00024406467242435776 0.0036813160411403503 0.00017790499978885167
 0.0002303908468734671]",Removed
Validation Data,Pedestrian Total,Standard,KNN,0.1,1993927.838308087,1028.0952785523273,0.8857408173101491,RandomForest,NA,NA,Removed
Train,Pedestrian Total,Standard,Pandas,0.1,90396.85969455152,209.94083623891643,0.9953955766678942,RandomForest,"{'n_estimators': 500, 'max_features': 'auto', 'max_depth': 20, 'bootstrap': True}","[0.043642223699807456 0.008655013766143827 0.006631293290312604
 0.006586819905461509 0.03400451827280141 0.0064891847844701185
 0.0015794718801956772 0.0036692861761237986 0.0005308512300898169
 0.004540089436911688 0.0013793883617968026 0.0012311183817523173
 0.002493836970119216 0.0022581858560012766 0.0031721722937901433
 0.010640182320570242 0.8485194199904732 0.00043692948176364267
 0.0004287349719522932 0.005663905092275778 0.005144671014576922
 0.0003252392488380962 0.0013718779515445886 0.00026367430251244525
 0.00034191131971500417]",Removed
Test,Pedestrian Total,Standard,Pandas,0.1,923752.3583308088,694.7326416826368,0.9245022012323002,RandomForest,"{'n_estimators': 500, 'max_features': 'auto', 'max_depth': 20, 'bootstrap': True}","[0.043642223699807456 0.008655013766143827 0.006631293290312604
 0.006586819905461509 0.03400451827280141 0.0064891847844701185
 0.0015794718801956772 0.0036692861761237986 0.0005308512300898169
 0.004540089436911688 0.0013793883617968026 0.0012311183817523173
 0.002493836970119216 0.0022581858560012766 0.0031721722937901433
 0.010640182320570242 0.8485194199904732 0.00043692948176364267
 0.0004287349719522932 0.005663905092275778 0.005144671014576922
 0.0003252392488380962 0.0013718779515445886 0.00026367430251244525
 0.00034191131971500417]",Removed
Validation Data,Pedestrian Total,Standard,Pandas,0.1,1685701.895950188,972.6390069845728,0.9034032640552159,RandomForest,NA,NA,Removed
